Workbook

Sheet 4P 3PH rating 
A1: Dingol Generator Rating Table (4-pole 3-phase rating)
A2: Model | B2: Three Phase 50Hz 1500RPM | J2: Three Phase 60Hz 1800RPM
A3: Power Factor | B3: 0.8 | D3: 0.8 | F3: 0.8 | H3: 0.8 | J3: 0.8 | L3: 0.8 | N3: 0.8 | P3: 0.8 | R3: 0.8 | T3: 0.8
A4: Volts
A5: Star(W12&W13) | B5: 380 | D5: 400 | F5: 415 | H5: 440 | J5: 380-416 | N5: 416 | P5: 440 | R5: 460 | T5: 480
A6: Delta(W12&W13) | B6: 220 | D6: 230 | F6: 240 | H6: 254 | J6: 220-240 | N6: 240 | P6: 254 | R6: 266 | T6: 277
A7: Series Star(W11&W14) | B7: 380 | D7: 400 | F7: 415 | H7: 440 | J7: - | L7: 380-416 | N7: 416 | P7: 440 | R7: 460 | T7: 480
A8: Parallel Star(W11&W14) | B8: 190 | D8: 200 | F8: 208 | H8: 220 | J8: - | L8: 190-208 | N8: 208 | P8: 220 | R8: 230 | T8: 240
A9: Series Delta | B9: 220 | D9: 230 | F9: 240 | H9: 254 | J9: - | L9: 220-240 | N9: 240 | P9: 254 | R9: 266 | T9: 277
A10: Parallel delta | B10: =B9/2 -> 110 | D10: =D9/2 -> 115 | F10: =F9/2 -> 120 | H10: =H9/2 -> 127 | L10: 110-120 | N10: =N9/2 -> 120 | P10: =P9/2 -> 127 | R10: =R9/2 -> 133 | T10: =T9/2 -> 138.5
A11: Winding No. | B11: 11 | D11: 11 | F11: 11 | H11: 11 | J11: 13 | L11: 14 | N11: 11 | P11: 11 | R11: 11 | T11: 11
A12: Rating | B12: KVA | C12: KW | D12: KVA | E12: KW | F12: KVA | G12: KW | H12: KVA | I12: KW | J12: KVA | K12: KW | L12: KVA | M12: KW | N12: KVA | O12: KW | P12: KVA | Q12: KW | R12: KVA | S12: KW | T12: KVA | U12: KW
A13: DG164A | B13: 8.1 | C13: 6.5 | D13: 8.1 | E13: 6.5 | F13: 8.1 | G13: 6.5 | H13: 6.2 | I13: =H13*0.8 -> 4.96 | J13: - | K13: - | L13: 9.6 | M13: 7.7 | N13: 9.6 | O13: 7.7 | P13: 10.2 | Q13: 8.2 | R13: 10.2 | S13: 8.2 | T13: 10.2 | U13: 8.2
A14: DG164B | B14: 11 | C14: =B14*0.8 -> 8.8 | D14: 11 | E14: =D14*0.8 -> 8.8 | F14: 11 | G14: =F14*0.8 -> 8.8 | H14: 8.4 | I14: =H14*0.8 -> 6.72 | J14: - | K14: - | L14: 13 | M14: 10.4 | N14: 13 | O14: 10.4 | P14: 13.8 | Q14: 11 | R14: 13.8 | S14: 11 | T14: 13.8 | U14: 11
A15: DG164C | B15: 13.5 | C15: =B15*0.8 -> 10.8 | D15: 13.5 | E15: =D15*0.8 -> 10.8 | F15: 13.5 | G15: =F15*0.8 -> 10.8 | H15: 11 | I15: =H15*0.8 -> 8.8 | J15: - | K15: - | L15: 16 | M15: 12.8 | N15: 16 | O15: 12.8 | P15: 16.9 | Q15: 13.5 | R15: 16.9 | S15: 13.5 | T15: 16.9 | U15: 13.5
A16: DG164D | B16: 16 | C16: =B16*0.8 -> 12.8 | D16: 16 | E16: =D16*0.8 -> 12.8 | F16: 16 | G16: =F16*0.8 -> 12.8 | H16: 13.5 | I16: =H16*0.8 -> 10.8 | J16: - | K16: - | L16: 20 | M16: 16 | N16: 18.9 | O16: 15.1 | P16: 20 | Q16: 16 | R16: 20 | S16: 16 | T16: 20 | U16: 16
A18: DG184ES | B18: 20 | C18: =B18*0.8 -> 16 | D18: 20 | E18: =D18*0.8 -> 16 | F18: 20 | G18: =F18*0.8 -> 16 | H18: 15 | I18: =H18*0.8 -> 12 | J18: - | K18: - | L18: 25 | M18: 20 | N18: 24 | O18: =N18*0.8 -> 19.2 | P18: 25 | Q18: =P18*0.8 -> 20 | R18: 25 | S18: =R18*0.8 -> 20 | T18: 25 | U18: =T18*0.8 -> 20
A19: DG184E | B19: 22.5 | C19: =B19*0.8 -> 18 | D19: 22.5 | E19: =D19*0.8 -> 18 | F19: 22.5 | G19: =F19*0.8 -> 18 | H19: 17.5 | I19: =H19*0.8 -> 14 | J19: - | K19: - | L19: 27.5 | M19: 22 | N19: 27.5 | O19: 22 | P19: 28.8 | Q19: 23 | R19: 28.8 | S19: 23 | T19: 30 | U19: 24
A20: DG184F | B20: 27.5 | C20: =B20*0.8 -> 22 | D20: 27.5 | E20: =D20*0.8 -> 22 | F20: 27.5 | G20: =F20*0.8 -> 22 | H20: 22 | I20: =H20*0.8 -> 17.6 | J20: - | K20: - | L20: 32.5 | M20: 26 | N20: 32.5 | O20: 26 | P20: 34.4 | Q20: 27.5 | R20: 34.4 | S20: 27.5 | T20: 35 | U20: 28
A21: DG184G | B21: 31.3 | C21: 25 | D21: 31.3 | E21: 25 | F21: 31.3 | G21: 25 | H21: 25 | I21: =H21*0.8 -> 20 | J21: - | K21: - | L21: 37.5 | M21: 30 | N21: 35 | O21: =N21*0.8 -> 28 | P21: 37.5 | Q21: =P21*0.8 -> 30 | R21: 37.5 | S21: =R21*0.8 -> 30 | T21: 37.5 | U21: =T21*0.8 -> 30
A22: DG184H | B22: 37.5 | C22: =B22*0.8 -> 30 | D22: 37.5 | E22: =D22*0.8 -> 30 | F22: 37.5 | G22: =F22*0.8 -> 30 | H22: 30 | I22: =H22*0.8 -> 24 | J22: - | K22: - | L22: 43.5 | M22: 34.8 | N22: 44.3 | O22: 35.4 | P22: 46.9 | Q22: 37.5 | R22: 46.9 | S22: 37.5 | T22: 46.9 | U22: 37.5
A23: DG184J | B23: 40 | C23: =B23*0.8 -> 32 | D23: 40 | E23: =D23*0.8 -> 32 | F23: 40 | G23: =F23*0.8 -> 32 | H23: 32 | I23: =H23*0.8 -> 25.6 | J23: - | K23: - | L23: 47.5 | M23: 38 | N23: 47.3 | O23: =N23*0.8 -> 37.84 | P23: 50 | Q23: =P23*0.8 -> 40 | R23: 50 | S23: =R23*0.8 -> 40 | T23: 50 | U23: =T23*0.8 -> 40
A25: DG224C | B25: 42.5 | C25: =B25*0.8 -> 34 | D25: 42.5 | E25: =D25*0.8 -> 34 | F25: 42.5 | G25: =F25*0.8 -> 34 | H25: 30 | I25: =H25*0.8 -> 24 | J25: - | K25: - | L25: 55 | M25: 44 | N25: 50 | O25: =N25*0.8 -> 40 | P25: 52.5 | Q25: =P25*0.8 -> 42 | R25: 52.5 | S25: =R25*0.8 -> 42 | T25: 55 | U25: =T25*0.8 -> 44
A26: DG224D | B26: 50 | C26: =B26*0.8 -> 40 | D26: 50 | E26: =D26*0.8 -> 40 | F26: 50 | G26: =F26*0.8 -> 40 | H26: 37.5 | I26: =H26*0.8 -> 30 | J26: - | K26: - | L26: 62.5 | M26: 50 | N26: 60 | O26: =N26*0.8 -> 48 | P26: 62.5 | Q26: =P26*0.8 -> 50 | R26: 62.5 | S26: =R26*0.8 -> 50 | T26: 65 | U26: =T26*0.8 -> 52
A27: DG224E | B27: 60 | C27: =B27*0.8 -> 48 | D27: 60 | E27: =D27*0.8 -> 48 | F27: 60 | G27: =F27*0.8 -> 48 | H27: 45 | I27: =H27*0.8 -> 36 | J27: - | K27: - | L27: 70 | M27: 56 | N27: 67.5 | O27: =N27*0.8 -> 54 | P27: 70 | Q27: =P27*0.8 -> 56 | R27: 70 | S27: =R27*0.8 -> 56 | T27: 75 | U27: =T27*0.8 -> 60
A28: DG224F | B28: 72.5 | C28: =B28*0.8 -> 58 | D28: 72.5 | E28: =D28*0.8 -> 58 | F28: 72.5 | G28: =F28*0.8 -> 58 | H28: 55 | I28: =H28*0.8 -> 44 | J28: - | K28: - | L28: 85 | M28: 68 | N28: 83.8 | O28: 67 | P28: 87.5 | Q28: =P28*0.8 -> 70 | R28: 87.5 | S28: =R28*0.8 -> 70 | T28: 93.8 | U28: =T28*0.8 -> 75.04
A29: DG224G | B29: 85 | C29: =B29*0.8 -> 68 | D29: 85 | E29: =D29*0.8 -> 68 | F29: 85 | G29: =F29*0.8 -> 68 | H29: 75 | I29: =H29*0.8 -> 60 | J29: - | K29: - | L29: 100 | M29: 80 | N29: 93.8 | O29: 75 | P29: 97.5 | Q29: =P29*0.8 -> 78 | R29: 100 | S29: =R29*0.8 -> 80 | T29: 103.8 | U29: =T29*0.8 -> 83.04
A31: DG274C | B31: 100 | C31: =B31*0.8 -> 80 | D31: 100 | E31: =D31*0.8 -> 80 | F31: 100 | G31: =F31*0.8 -> 80 | H31: - | I31: - | J31: - | K31: - | L31: 120 | M31: 96 | N31: 112.5 | O31: =N31*0.8 -> 90 | P31: 117.5 | Q31: =P31*0.8 -> 94 | R31: 117.5 | S31: =R31*0.8 -> 94 | T31: 125 | U31: =T31*0.8 -> 100
A32: DG274D | B32: 125 | C32: =B32*0.8 -> 100 | D32: 125 | E32: =D32*0.8 -> 100 | F32: 125 | G32: =F32*0.8 -> 100 | H32: - | I32: - | J32: - | K32: - | L32: 140 | M32: =L32*0.8 -> 112 | N32: 140 | O32: =N32*0.8 -> 112 | P32: 150 | Q32: =P32*0.8 -> 120 | R32: 150 | S32: =R32*0.8 -> 120 | T32: 150 | U32: =T32*0.8 -> 120
A33: DG274E | B33: 140 | C33: =B33*0.8 -> 112 | D33: 140 | E33: =D33*0.8 -> 112 | F33: 140 | G33: =F33*0.8 -> 112 | H33: - | I33: - | J33: - | K33: - | L33: 160 | M33: 128 | N33: 160 | O33: =N33*0.8 -> 128 | P33: 168 | Q33: 134 | R33: 168 | S33: 134 | T33: 178 | U33: =T33*0.8 -> 142.4
A34: DG274EL | B34: 150 | C34: =B34*0.8 -> 120 | D34: 150 | E34: =D34*0.8 -> 120 | F34: 150 | G34: =F34*0.8 -> 120 | H34: - | I34: - | J34: - | K34: - | L34: 170 | M34: =L34*0.8 -> 136 | N34: 170 | O34: =N34*0.8 -> 136 | P34: 180 | Q34: 144 | R34: 180 | S34: 144 | T34: 190 | U34: =T34*0.8 -> 152
A35: DG274F | B35: 160 | C35: =B35*0.8 -> 128 | D35: 160 | E35: =D35*0.8 -> 128 | F35: 160 | G35: =F35*0.8 -> 128 | H35: - | I35: - | J35: - | K35: - | L35: 180 | M35: 144 | N35: 181 | O35: =N35*0.8 -> 144.8 | P35: 190 | Q35: =P35*0.8 -> 152 | R35: 190 | S35: =R35*0.8 -> 152 | T35: 200 | U35: =T35*0.8 -> 160
A36: DG274G | B36: 180 | C36: =B36*0.8 -> 144 | D36: 180 | E36: =D36*0.8 -> 144 | F36: 180 | G36: =F36*0.8 -> 144 | H36: - | I36: - | J36: - | K36: - | L36: 200 | M36: 160 | N36: 200 | O36: =N36*0.8 -> 160 | P36: 213 | Q36: =P36*0.8 -> 170.4 | R36: 213 | S36: =R36*0.8 -> 170.4 | T36: 220 | U36: =T36*0.8 -> 176
A37: DG274H | B37: 200 | C37: =B37*0.8 -> 160 | D37: 200 | E37: =D37*0.8 -> 160 | F37: 200 | G37: =F37*0.8 -> 160 | H37: - | I37: - | J37: - | K37: - | L37: 237.5 | M37: 190 | N37: 237 | O37: =N37*0.8 -> 189.6 | P37: 245 | Q37: =P37*0.8 -> 196 | R37: 245 | S37: =R37*0.8 -> 196 | T37: 250 | U37: =T37*0.8 -> 200
A38: DG274J | B38: 225 | C38: =B38*0.8 -> 180 | D38: 225 | E38: =D38*0.8 -> 180 | F38: 225 | G38: =F38*0.8 -> 180 | H38: - | I38: - | J38: - | K38: - | L38: 280 | M38: 225 | N38: 269 | O38: =N38*0.8 -> 215.2 | P38: 281 | Q38: 225 | R38: 281 | S38: =R38*0.8 -> 224.8 | T38: 300 | U38: =T38*0.8 -> 240
A39: DG274K | B39: 250 | C39: =B39*0.8 -> 200 | D39: 250 | E39: =D39*0.8 -> 200 | F39: 250 | G39: =F39*0.8 -> 200 | H39: - | I39: - | J39: - | K39: - | L39: 300 | M39: 240 | N39: 291 | O39: =N39*0.8 -> 232.8 | P39: 300 | Q39: 240 | R39: 300 | S39: 240 | T39: 312.5 | U39: =T39*0.8 -> 250
A41: DG444C | B41: 250 | C41: =B41*0.8 -> 200 | D41: 250 | E41: =D41*0.8 -> 200 | F41: 250 | G41: =F41*0.8 -> 200 | H41: 250 | I41: =H41*0.8 -> 200 | J41: 300 | K41: 240 | L41: 300 | M41: 240 | N41: 287.5 | O41: =N41*0.8 -> 230 | P41: 300 | Q41: 240 | R41: 300 | S41: 240 | T41: 312.5 | U41: =T41*0.8 -> 250
A42: DG444D | B42: 300 | C42: =B42*0.8 -> 240 | D42: 300 | E42: =D42*0.8 -> 240 | F42: 300 | G42: =F42*0.8 -> 240 | H42: 280 | I42: =H42*0.8 -> 224 | J42: 350 | K42: 280 | L42: 350 | M42: 280 | N42: 340 | O42: =N42*0.8 -> 272 | P42: 360 | Q42: =P42*0.8 -> 288 | R42: 360 | S42: =R42*0.8 -> 288 | T42: 375 | U42: =T42*0.8 -> 300
A43: DGK444D | B43: 313 | C43: 250 | D43: 313 | E43: 250 | F43: 313 | G43: 250 | H43: 290 | I43: =H43*0.8 -> 232 | J43: 360 | K43: =J43*0.8 -> 288 | L43: 360 | M43: =L43*0.8 -> 288 | N43: 350 | O43: =N43*0.8 -> 280 | P43: 375 | Q43: =P43*0.8 -> 300 | R43: 375 | S43: =R43*0.8 -> 300 | T43: 388 | U43: =T43*0.8 -> 310.4
A44: DG444E | B44: 325 | C44: =B44*0.8 -> 260 | D44: 325 | E44: =D44*0.8 -> 260 | F44: 325 | G44: =F44*0.8 -> 260 | H44: 325 | I44: =H44*0.8 -> 260 | J44: - | K44: - | L44: - | M44: - | N44: 381 | O44: =N44*0.8 -> 304.8 | P44: 400 | Q44: 320 | R44: 400 | S44: 320 | T44: 415 | U44: =T44*0.8 -> 332
A45: DGK444E | B45: 350 | C45: =B45*0.8 -> 280 | D45: 350 | E45: =D45*0.8 -> 280 | F45: 350 | G45: =F45*0.8 -> 280 | H45: 350 | I45: =H45*0.8 -> 280 | J45: - | K45: - | L45: - | M45: - | N45: 400 | O45: =N45*0.8 -> 320 | P45: 420 | Q45: =P45*0.8 -> 336 | R45: 420 | S45: =R45*0.8 -> 336 | T45: 430 | U45: =T45*0.8 -> 344
A46: DG444F | B46: 375 | C46: =B46*0.8 -> 300 | D46: 375 | E46: =D46*0.8 -> 300 | F46: 375 | G46: =F46*0.8 -> 300 | H46: 375 | I46: =H46*0.8 -> 300 | J46: 475 | K46: 380 | L46: - | M46: - | N46: 444 | O46: =N46*0.8 -> 355.2 | P46: 455 | Q46: =P46*0.8 -> 364 | R46: 463 | S46: =R46*0.8 -> 370.4 | T46: 475 | U46: =T46*0.8 -> 380
A47: DGK444F | B47: 400 | C47: =B47*0.8 -> 320 | D47: 400 | E47: =D47*0.8 -> 320 | F47: 400 | G47: =F47*0.8 -> 320 | H47: 400 | I47: =H47*0.8 -> 320 | J47: 500 | K47: 400 | L47: - | M47: - | N47: 454 | O47: =N47*0.8 -> 363.2 | P47: 480 | Q47: =P47*0.8 -> 384 | R47: 500 | S47: =R47*0.8 -> 400 | T47: 500 | U47: =T47*0.8 -> 400
A49: DG544C | B49: 450 | C49: =B49*0.8 -> 360 | D49: 450 | E49: =D49*0.8 -> 360 | F49: 450 | G49: =F49*0.8 -> 360 | H49: 450 | I49: =H49*0.8 -> 360 | J49: 500 | K49: 400 | L49: 500 | M49: 400 | N49: 525 | O49: =N49*0.8 -> 420 | P49: 550 | Q49: =P49*0.8 -> 440 | R49: 581 | S49: =R49*0.8 -> 464.8 | T49: 594 | U49: =T49*0.8 -> 475.2
A50: DG544D | B50: 500 | C50: =B50*0.8 -> 400 | D50: 500 | E50: =D50*0.8 -> 400 | F50: 500 | G50: =F50*0.8 -> 400 | H50: 500 | I50: =H50*0.8 -> 400 | J50: 625 | K50: 500 | L50: 625 | M50: 500 | N50: 575 | O50: =N50*0.8 -> 460 | P50: 594 | Q50: =P50*0.8 -> 475.2 | R50: 625 | S50: =R50*0.8 -> 500 | T50: 644 | U50: =T50*0.8 -> 515.2
A51: DG544ES | B51: 563 | C51: =B51*0.8 -> 450.4 | D51: 563 | E51: 450 | F51: 563 | G51: 450 | H51: 563 | I51: =H51*0.8 -> 450.4 | J51: 650 | K51: =J51*0.8 -> 520 | L51: 650 | M51: =L51*0.8 -> 520 | N51: 625 | O51: =N51*0.8 -> 500 | P51: 650 | Q51: =P51*0.8 -> 520 | R51: 670 | S51: =R51*0.8 -> 536 | T51: 700 | U51: =T51*0.8 -> 560
A52: DG544E | B52: 600 | C52: =B52*0.8 -> 480 | D52: 600 | E52: =D52*0.8 -> 480 | F52: 600 | G52: =F52*0.8 -> 480 | H52: 600 | I52: =H52*0.8 -> 480 | J52: =K52/0.8 -> 687.5 | K52: 550 | L52: 688 | M52: =L52*0.8 -> 550.4 | N52: 681 | O52: =N52*0.8 -> 544.8 | P52: 713 | Q52: =P52*0.8 -> 570.4 | R52: 732 | S52: =R52*0.8 -> 585.6 | T52: 750 | U52: =T52*0.8 -> 600
A53: DG544EL | B53: 625 | C53: =B53*0.8 -> 500 | D53: 625 | E53: =D53*0.8 -> 500 | F53: 625 | G53: =F53*0.8 -> 500 | H53: 625 | I53: =H53*0.8 -> 500 | J53: 710 | K53: =J53*0.8 -> 568 | L53: 710 | M53: =L53*0.8 -> 568 | N53: 700 | O53: =N53*0.8 -> 560 | P53: 735 | Q53: =P53*0.8 -> 588 | R53: 755 | S53: =R53*0.8 -> 604 | T53: 765 | U53: =T53*0.8 -> 612
A54: DG544F | B54: 670 | C54: =B54*0.8 -> 536 | D54: 670 | E54: =D54*0.8 -> 536 | F54: 670 | G54: =F54*0.8 -> 536 | H54: 650 | I54: =H54*0.8 -> 520 | J54: 800 | K54: 640 | L54: 800 | M54: 640 | N54: 738 | O54: =N54*0.8 -> 590.4 | P54: 775 | Q54: =P54*0.8 -> 620 | R54: 800 | S54: =R54*0.8 -> 640 | T54: 825 | U54: =T54*0.8 -> 660
A56: Model | B56: Three Phase 50Hz 1500RPM | J56: Three Phase 60Hz 1800RPM
A57: Power Factor | B57: 0.8 | D57: 0.8 | F57: 0.8 | H57: 0.8 | J57: 0.8 | L57: 0.8 | N57: 0.8 | P57: 0.8 | R57: 0.8 | T57: 0.8
A58: Volts
A59: Star(W12&W13) | B59: 380 | D59: 400 | F59: 415 | H59: 440 | J59: 380-416 | N59: 416 | P59: 440 | R59: 460 | T59: 480
A60: Delta(W12&W13) | B60: 220 | D60: 230 | F60: 240 | H60: 254 | J60: 220-240 | N60: 240 | P60: 254 | R60: 266 | T60: 277
A61: Series Star(W11&W14) | B61: 380 | D61: 400 | F61: 415 | H61: 440 | J61: - | L61: 380-416 | N61: 416 | P61: 440 | R61: 460 | T61: 480
A62: Parallel Star(W11&W14) | B62: 190 | D62: 200 | F62: 208 | H62: 220 | J62: - | L62: 190-208 | N62: 208 | P62: 220 | R62: 230 | T62: 240
A63: Series Delta | B63: 220 | D63: 230 | F63: 240 | H63: 254 | J63: - | L63: 220-240 | N63: 240 | P63: 254 | R63: 266 | T63: 277
A64: Winding No. | B64: 11/12 | D64: 11/12 | F64: 11/12 | H64: 11/12 | J64: 13 | L64: 14 | N64: 11/12 | P64: 11/12 | R64: 11/12 | T64: 11/12
A65: Rating | B65: KVA | C65: KW | D65: KVA | E65: KW | F65: KVA | G65: KW | H65: KVA | I65: KW | J65: KVA | K65: KW | L65: KVA | M65: KW | N65: KVA | O65: KW | P65: KVA | Q65: KW | R65: KVA | S65: KW | T65: KVA | U65: KW
A66: DG634B | B66: 710 | C66: =B66*0.8 -> 568 | D66: 750 | E66: =D66*0.8 -> 600 | F66: 750 | G66: =F66*0.8 -> 600 | H66: 680 | I66: =H66*0.8 -> 544 | J66: 938 | K66: 750 | L66: 938 | M66: 750 | N66: 810 | O66: =N66*0.8 -> 648 | P66: 855 | Q66: =P66*0.8 -> 684 | R66: 895 | S66: =R66*0.8 -> 716 | T66: 938 | U66: =T66*0.8 -> 750.4
A67: DG634C1 | B67: 760 | C67: =B67*0.8 -> 608 | D67: 800 | E67: =D67*0.8 -> 640 | F67: 800 | G67: =F67*0.8 -> 640 | H67: 725 | I67: =H67*0.8 -> 580 | J67: - | K67: - | L67: - | M67: - | N67: 865 | O67: =N67*0.8 -> 692 | P67: 916 | Q67: =P67*0.8 -> 732.8 | R67: 958 | S67: =R67*0.8 -> 766.4 | T67: 1000 | U67: =T67*0.8 -> 800
A68: DG634D | B68: 865 | C68: =B68*0.8 -> 692 | D68: 910 | E68: =D68*0.8 -> 728 | F68: 910 | G68: =F68*0.8 -> 728 | H68: 825 | I68: =H68*0.8 -> 660 | J68: 1063 | K68: 850 | L68: 1063 | M68: 850 | N68: 986 | O68: =N68*0.8 -> 788.8 | P68: 1034 | Q68: =P68*0.8 -> 827.2 | R68: 1090 | S68: =R68*0.8 -> 872 | T68: 1138 | U68: =T68*0.8 -> 910.4
A69: DG634E | B69: 950 | C69: =B69*0.8 -> 760 | D69: 1000 | E69: =D69*0.8 -> 800 | F69: 1000 | G69: =F69*0.8 -> 800 | H69: 910 | I69: =H69*0.8 -> 728 | J69: 1250 | K69: =J69*0.8 -> 1000 | L69: 1250 | M69: 1000 | N69: 1083 | O69: =N69*0.8 -> 866.4 | P69: 1145 | Q69: =P69*0.8 -> 916 | R69: 1197 | S69: =R69*0.8 -> 957.6 | T69: 1250 | U69: =T69*0.8 -> 1000
A70: DG634F | B70: 1090 | C70: =B70*0.8 -> 872 | D70: 1130 | E70: =D70*0.8 -> 904 | F70: 1130 | G70: =F70*0.8 -> 904 | H70: 1025 | I70: =H70*0.8 -> 820 | J70: 1320 | K70: =J70*0.8 -> 1056 | L70: 1320 | M70: =L70*0.8 -> 1056 | N70: 1204 | O70: =N70*0.8 -> 963.2 | P70: 1274 | Q70: =P70*0.8 -> 1019.2 | R70: 1332 | S70: =R70*0.8 -> 1065.6 | T70: 1390 | U70: =T70*0.8 -> 1112
A71: DG634G | B71: 1190 | C71: =B71*0.8 -> 952 | D71: 1250 | E71: =D71*0.8 -> 1000 | F71: 1250 | G71: =F71*0.8 -> 1000 | H71: 1135 | I71: =H71*0.8 -> 908 | J71: 1500 | K71: =J71*0.8 -> 1200 | L71: - | M71: - | N71: 1310 | O71: =N71*0.8 -> 1048 | P71: 1386 | Q71: =P71*0.8 -> 1108.8 | R71: 1449 | S71: =R71*0.8 -> 1159.2 | T71: 1513 | U71: =T71*0.8 -> 1210.4
A73: DG734B | B73: 1360 | C73: =B73*0.8 -> 1088 | D73: 1400 | E73: =D73*0.8 -> 1120 | F73: 1400 | G73: =F73*0.8 -> 1120 | H73: 1375 | I73: =H73*0.8 -> 1100 | J73: 1560 | K73: =0.8*J73 -> 1248 | L73: - | M73: - | N73: 1525 | O73: =N73*0.8 -> 1220 | P73: 1625 | Q73: =P73*0.8 -> 1300 | R73: 1655 | S73: =R73*0.8 -> 1324 | T73: 1690 | U73: =T73*0.8 -> 1352
A74: DG734C | B74: 1505 | C74: =B74*0.8 -> 1204 | D74: 1550 | E74: =D74*0.8 -> 1240 | F74: 1550 | G74: =F74*0.8 -> 1240 | H74: 1520 | I74: =H74*0.8 -> 1216 | J74: 1770 | K74: =J74*0.8 -> 1416 | L74: - | M74: - | N74: 1705 | O74: =N74*0.8 -> 1364 | P74: 1815 | Q74: =P74*0.8 -> 1452 | R74: 1855 | S74: =R74*0.8 -> 1484 | T74: 1890 | U74: =T74*0.8 -> 1512
A75: DG734D | B75: 1615 | C75: =B75*0.8 -> 1292 | D75: 1650 | E75: =D75*0.8 -> 1320 | F75: 1650 | G75: =F75*0.8 -> 1320 | H75: 1620 | I75: =H75*0.8 -> 1296 | J75: 1915 | K75: =J75*0.8 -> 1532 | L75: - | M75: - | N75: 1815 | O75: =N75*0.8 -> 1452 | P75: 1935 | Q75: =P75*0.8 -> 1548 | R75: 1975 | S75: =R75*0.8 -> 1580 | T75: 2015 | U75: =T75*0.8 -> 1612
A76: DG734E | B76: 1845 | C76: =B76*0.8 -> 1476 | D76: 1900 | E76: =D76*0.8 -> 1520 | F76: 1900 | G76: =F76*0.8 -> 1520 | H76: 1865 | I76: =H76*0.8 -> 1492 | J76: - | K76: - | L76: - | M76: - | N76: 2070 | O76: =N76*0.8 -> 1656 | P76: 2210 | Q76: =P76*0.8 -> 1768 | R76: 2250 | S76: =R76*0.8 -> 1800 | T76: 2300 | U76: =T76*0.8 -> 1840
A77: DG734F | B77: 2020 | C77: =B77*0.8 -> 1616 | D77: 2080 | E77: =D77*0.8 -> 1664 | F77: 2080 | G77: =F77*0.8 -> 1664 | H77: 2040 | I77: =H77*0.8 -> 1632 | J77: 2500 | K77: =J77*0.8 -> 2000 | L77: - | M77: - | N77: 2345 | O77: =N77*0.8 -> 1876 | P77: 2500 | Q77: =P77*0.8 -> 2000 | R77: 2550 | S77: =R77*0.8 -> 2040 | T77: 2600 | U77: =T77*0.8 -> 2080
A78: DG734G | B78: 2135 | C78: =B78*0.8 -> 1708 | D78: 2200 | E78: =D78*0.8 -> 1760 | F78: 2200 | G78: =F78*0.8 -> 1760 | H78: 2160 | I78: =H78*0.8 -> 1728 | J78: - | K78: - | L78: - | M78: - | N78: 2420 | O78: =N78*0.8 -> 1936 | P78: 2535 | Q78: =P78*0.8 -> 2028 | R78: 2625 | S78: =R78*0.8 -> 2100 | T78: 2750 | U78: =T78*0.8 -> 2200
A79: DG734H | B79: 2270 | C79: =B79*0.8 -> 1816 | D79: 2340 | E79: =D79*0.8 -> 1872 | F79: 2340 | G79: =F79*0.8 -> 1872 | H79: 2300 | I79: =H79*0.8 -> 1840 | J79: - | K79: - | L79: - | M79: - | N79: 2525 | O79: =N79*0.8 -> 2020 | P79: 2640 | Q79: =P79*0.8 -> 2112 | R79: 2725 | S79: =R79*0.8 -> 2180 | T79: 2830 | U79: =T79*0.8 -> 2264
A82: Notes：
A83: 1. DG634C has no W11 option
A84: 2. DGK-foluted fan
A85: 3. The above rating is based on 40 degree C ambient and 125K temperature rising below 1000 meters altitude above sea.
A86: 4. DG734B～H has only W12 option

Sheet 4P 1PH rating
A1: Dingol Generator Rating Table (4-pole 1-phase rating)
A2: Model | B2: Single Phase 50Hz 1500RPM | N2: Single Phase 60Hz 1800RPM
A3: Power Factor | B3: 0.8 | D3: 0.8 | F3: 0.8 | H3: 1 | J3: 1 | L3: 1 | N3: 0.8 | P3: 0.8 | R3: 0.8 | T3: 1 | V3: 1 | X3: 1
A4: Volts
A5: Series | B5: 220 | D5: 230 | F5: 240 | H5: 220 | J5: 230 | L5: 240 | N5: 220 | P5: 230 | R5: 240 | T5: 220 | V5: 230 | X5: 240
A6: Parallel | B6: =B5/2 -> 110 | D6: =D5/2 -> 115 | F6: =F5/2 -> 120 | H6: =H5/2 -> 110 | J6: =J5/2 -> 115 | L6: =L5/2 -> 120 | N6: =N5/2 -> 110 | P6: =P5/2 -> 115 | R6: =R5/2 -> 120 | T6: =T5/2 -> 110 | V6: =V5/2 -> 115 | X6: =X5/2 -> 120
A7: Winding No. | B7: 05 | D7: 05 | F7: 05 | H7: 05 | J7: 05 | L7: 05 | N7: 06 | P7: 06 | R7: 06 | T7: 06 | V7: 06 | X7: 06
A8: Rating | B8: KVA | C8: KW | D8: KVA | E8: KW | F8: KVA | G8: KW | H8: KVA | I8: KW | J8: KVA | K8: KW | L8: KVA | M8: KW | N8: KVA | O8: KW | P8: KVA | Q8: KW | R8: KVA | S8: KW | T8: KVA | U8: KW | V8: KVA | W8: KW | X8: KVA | Y8: KW
A9: DG164A | B9: 5.4 | C9: 4.3 | D9: 5.4 | E9: 4.3 | F9: 5.4 | G9: 4.3 | H9: 6.8 | I9: 6.8 | J9: 6.8 | K9: 6.8 | L9: 6.8 | M9: 6.8 | N9: 6.4 | O9: 5.1 | P9: 6.4 | Q9: 5.1 | R9: 6.4 | S9: 5.1 | T9: 8.2 | U9: 8.2 | V9: 8.2 | W9: 8.2 | X9: 8.2 | Y9: 8.2
A10: DG164B | B10: 7.4 | C10: 5.9 | D10: 7.4 | E10: 5.9 | F10: 7.4 | G10: 5.9 | H10: 8.4 | I10: 8.4 | J10: 8.4 | K10: 8.4 | L10: 8.4 | M10: 8.4 | N10: 8.8 | O10: 7 | P10: 8.8 | Q10: 7 | R10: 8.8 | S10: 7 | T10: 11 | U10: 11 | V10: 11 | W10: 11 | X10: 11 | Y10: 11
A11: DG164C | B11: 9 | C11: 7.2 | D11: 9 | E11: 7.2 | F11: 9 | G11: 7.2 | H11: 11 | I11: 11 | J11: 11 | K11: 11 | L11: 11 | M11: 11 | N11: 10.8 | O11: 8.6 | P11: 10.8 | Q11: 8.6 | R11: 10.8 | S11: 8.6 | T11: 13.5 | U11: 13.5 | V11: 13.5 | W11: 13.5 | X11: 13.5 | Y11: 13.5
A12: DG164D | B12: 10.8 | C12: 8.6 | D12: 10.8 | E12: 8.6 | F12: 10.8 | G12: 8.6 | H12: 13 | I12: 13 | J12: 13 | K12: 13 | L12: 13 | M12: 13 | N12: 13.5 | O12: 10.8 | P12: 13.5 | Q12: 10.8 | R12: 13.5 | S12: 10.8 | T12: 16.5 | U12: 16.5 | V12: 16.5 | W12: 16.5 | X12: 16.5 | Y12: 16.5
A14: DG184ES | B14: =C14/0.8 -> 12.5 | C14: 10 | D14: =E14/0.8 -> 12.5 | E14: 10 | F14: =G14/0.8 -> 12.5 | G14: 10 | H14: 14 | I14: 14 | J14: 14 | K14: 14 | L14: 14 | M14: 14 | N14: =O14/N3 -> 15 | O14: 12 | P14: =Q14/P3 -> 15 | Q14: 12 | R14: =S14/R3 -> 15 | S14: 12 | T14: 18 | U14: 18 | V14: 18 | W14: 18 | X14: 18 | Y14: 18
A15: DG184E | B15: 15 | C15: 12 | D15: 15 | E15: 12 | F15: 15 | G15: 12 | H15: 16.6 | I15: 16.6 | J15: 16.6 | K15: 16.6 | L15: 16.6 | M15: 16.6 | N15: 18.4 | O15: 14.7 | P15: 18.4 | Q15: 14.7 | R15: 18.4 | S15: 14.7 | T15: 21 | U15: 21 | V15: 21 | W15: 21 | X15: 21 | Y15: 21
A16: DG184F | B16: 18.5 | C16: 14.8 | D16: 18.5 | E16: 14.8 | F16: 18.5 | G16: 14.8 | H16: 20 | I16: 20 | J16: 20 | K16: 20 | L16: 20 | M16: 20 | N16: 21.9 | O16: 17.5 | P16: 21.9 | Q16: 17.5 | R16: 21.9 | S16: 17.5 | T16: 25.6 | U16: 25.6 | V16: 25.6 | W16: 25.6 | X16: 25.6 | Y16: 25.6
A17: DG184G | B17: 21 | C17: 16.8 | D17: 21 | E17: 16.8 | F17: 21 | G17: 16.8 | H17: 22.8 | I17: 22.8 | J17: 22.8 | K17: 22.8 | L17: 22.8 | M17: 22.8 | N17: 25 | O17: 20 | P17: 25 | Q17: 20 | R17: 25 | S17: 20 | T17: 30 | U17: 30 | V17: 30.8 | W17: 30.8 | X17: 30.8 | Y17: 30.8
A18: DG184H | B18: 25 | C18: 20 | D18: 25 | E18: 20 | F18: 25 | G18: 20 | H18: 27 | I18: 27 | J18: 27 | K18: 27 | L18: 27 | M18: 27 | N18: 31.3 | O18: 25 | P18: 31.3 | Q18: 25 | R18: 31.3 | S18: 25 | T18: 35 | U18: 35 | V18: 35 | W18: 35 | X18: 35 | Y18: 35
A19: DG184J | B19: 28 | C19: 22.4 | D19: 28 | E19: 22.4 | F19: 28 | G19: 22.4 | H19: 30 | I19: 30 | J19: 30 | K19: 30 | L19: 30 | M19: 30 | N19: 35 | O19: 28 | P19: 35 | Q19: 28 | R19: 35 | S19: 28 | T19: 40 | U19: 40 | V19: 40 | W19: 40 | X19: 40 | Y19: 40
A21: DG224C | B21: 28 | C21: 22.4 | D21: 28 | E21: 22.4 | F21: 28 | G21: 22.4 | H21: 28 | I21: 28 | J21: 28 | K21: 28 | L21: 28 | M21: 28 | N21: 37.5 | O21: 30 | P21: 37.5 | Q21: 30 | R21: 37.5 | S21: 30 | T21: 37.5 | U21: 37.5 | V21: 37.5 | W21: 37.5 | X21: 37.5 | Y21: 37.5
A22: DG224D | B22: 35 | C22: 28 | D22: 35 | E22: 28 | F22: 35 | G22: 28 | H22: 35 | I22: 35 | J22: 35 | K22: 35 | L22: 35 | M22: 35 | N22: 44 | O22: 35 | P22: 44 | Q22: 35 | R22: 44 | S22: 35 | T22: 44 | U22: 44 | V22: 44 | W22: 44 | X22: 44 | Y22: 44
A23: DG224E | B23: 40 | C23: 32 | D23: 40 | E23: 32 | F23: 40 | G23: 32 | H23: 40 | I23: 40 | J23: 40 | K23: 40 | L23: 40 | M23: 40 | N23: 50 | O23: 40 | P23: 50 | Q23: 40 | R23: 50 | S23: 40 | T23: 50 | U23: 50 | V23: 50 | W23: 50 | X23: 50 | Y23: 50
A24: DG224F | B24: 50 | C24: 40 | D24: 50 | E24: 40 | F24: 50 | G24: 40 | H24: 50 | I24: 50 | J24: 50 | K24: 50 | L24: 50 | M24: 50 | N24: 60 | O24: 48 | P24: 60 | Q24: 48 | R24: 60 | S24: 48 | T24: 60 | U24: 60 | V24: 60 | W24: 60 | X24: 60 | Y24: 60
A25: DG224G | B25: 60 | C25: 48 | D25: 60 | E25: 48 | F25: 60 | G25: 48 | H25: 60 | I25: 60 | J25: 60 | K25: 60 | L25: 60 | M25: 60 | N25: 70 | O25: 56 | P25: 70 | Q25: 56 | R25: 70 | S25: 56 | T25: 75 | U25: 75 | V25: 75 | W25: 75 | X25: 75 | Y25: 75
A27: DG274C | B27: 66 | C27: 52.8 | D27: 66 | E27: 52.8 | F27: 66 | G27: 52.8 | H27: 66 | I27: 66 | J27: 66 | K27: 66 | L27: 66 | M27: 66 | N27: 84 | O27: 67 | P27: 84 | Q27: 67 | R27: 84 | S27: 67 | T27: 90 | U27: 90 | V27: 90 | W27: 90 | X27: 90 | Y27: 90
A28: DG274D | B28: 74 | C28: 59.2 | D28: 74 | E28: 59.2 | F28: 74 | G28: 59.2 | H28: 74 | I28: 74 | J28: 74 | K28: 74 | L28: 74 | M28: 74 | N28: 96 | O28: 77 | P28: 96 | Q28: 77 | R28: 96 | S28: 77 | T28: 100 | U28: 100 | V28: 100 | W28: 100 | X28: 100 | Y28: 100
A29: DG274E | B29: 94 | C29: 75.2 | D29: 94 | E29: 75.2 | F29: 94 | G29: 75 | H29: 94 | I29: 94 | J29: 94 | K29: 94 | L29: 94 | M29: 94 | N29: 112 | O29: 90 | P29: 112 | Q29: 90 | R29: 112 | S29: 90 | T29: 115 | U29: 115 | V29: 115 | W29: 115 | X29: 115 | Y29: 115
A30: DG274EL | B30: =C30/0.8 -> 100 | C30: 80 | D30: =E30/0.8 -> 100 | E30: 80 | F30: =G30/0.8 -> 100 | G30: 80 | H30: 100 | I30: 100 | J30: 100 | K30: 100 | L30: 100 | M30: 100 | N30: =O30/0.8 -> 120 | O30: 96 | P30: =Q30/0.8 -> 120 | Q30: 96 | R30: =S30/0.8 -> 120 | S30: 96 | T30: 120 | U30: 120 | V30: 120 | W30: 120 | X30: 120 | Y30: 120
A31: DG274F | B31: 110 | C31: 88 | D31: 110 | E31: 88 | F31: 110 | G31: 88 | H31: 110 | I31: 110 | J31: 110 | K31: 110 | L31: 110 | M31: 110 | N31: 135 | O31: 108 | P31: 135 | Q31: 108 | R31: 135 | S31: 108 | T31: 135 | U31: 135 | V31: 135 | W31: 135 | X31: 135 | Y31: 135
A32: DG274G | B32: 120 | C32: 96 | D32: 120 | E32: 96 | F32: 120 | G32: 96 | H32: 120 | I32: 120 | J32: 120 | K32: 120 | L32: 120 | M32: 120 | N32: 150 | O32: 120 | P32: 150 | Q32: 120 | R32: 150 | S32: 120 | T32: 150 | U32: 150 | V32: 150 | W32: 150 | X32: 150 | Y32: 150
A33: DG274H | B33: 140 | C33: 112 | D33: 140 | E33: 112 | F33: 140 | G33: 112 | H33: 140 | I33: 140 | J33: 140 | K33: 140 | L33: 140 | M33: 140 | N33: 156.3 | O33: 125 | P33: 156.3 | Q33: 125 | R33: 156.3 | S33: 125 | T33: 156.3 | U33: 156.3 | V33: 156.3 | W33: 156.3 | X33: 156.3 | Y33: 156.3
A34: DG274J | B34: N/A | C34: N/A | D34: N/A | E34: N/A | F34: N/A | G34: N/A | H34: N/A | I34: N/A | J34: N/A | K34: N/A | L34: N/A | M34: N/A | N34: N/A | O34: N/A | P34: N/A | Q34: N/A | R34: N/A | S34: N/A | T34: N/A | U34: N/A | V34: N/A | W34: N/A | X34: N/A | Y34: N/A
A35: DG274K | B35: N/A | C35: N/A | D35: N/A | E35: N/A | F35: N/A | G35: N/A | H35: N/A | I35: N/A | J35: N/A | K35: N/A | L35: N/A | M35: N/A | N35: N/A | O35: N/A | P35: N/A | Q35: N/A | R35: N/A | S35: N/A | T35: N/A | U35: N/A | V35: N/A | W35: N/A | X35: N/A | Y35: N/A
A37: Notes：
A38: 1. The above rating is based on 40 degree C ambient and 125K temperature rising below 1000 meters altitude above sea.

Sheet 2P 3PH rating
A1: Dingol Generator Rating Table (2-pole 3-phase rating)
A2: Model | B2: Three Phase 50Hz 3000PM | J2: Three Phase 60Hz 3600RPM
A3: Power Factor | B3: 0.8 | D3: 0.8 | F3: 0.8 | H3: 0.8 | J3: 0.8 | L3: 0.8 | N3: 0.8 | P3: 0.8
A4: Volts
A5: Series Star | B5: 380 | D5: 400 | F5: 415 | H5: 440 | J5: 416 | L5: 440 | N5: 460 | P5: 480
A6: Parallel Star | B6: 190 | D6: 200 | F6: 208 | H6: 220 | J6: 208 | L6: 220 | N6: 230 | P6: 240
A7: Series Delta | B7: 220 | D7: 230 | F7: 240 | H7: 254 | J7: 240 | L7: 254 | N7: 266 | P7: 277
A8: Winding No. | B8: 11 | D8: 11 | F8: 11 | H8: 11 | J8: 11 | L8: 11 | N8: 11 | P8: 11
A9: Rating | B9: KVA | C9: KW | D9: KVA | E9: KW | F9: KVA | G9: KW | H9: KVA | I9: KW | J9: KVA | K9: KW | L9: KVA | M9: KW | N9: KVA | O9: KW | P9: KVA | Q9: KW
A10: DG162D | B10: 12.5 | C10: 10 | D10: 12.5 | E10: 10 | F10: 12.5 | G10: 10 | H10: 12 | I10: =H10*0.8 -> 9.6 | J10: 14.7 | K10: 11.8 | L10: 15.6 | M10: 12.5 | N10: 15.6 | O10: 12.5 | P10: 15.6 | Q10: 12.5
A11: DG162E | B11: 15 | C11: 12 | D11: 15 | E11: 12 | F11: 15 | G11: 12 | H11: 14.5 | I11: =H11*0.8 -> 11.6 | J11: 17.8 | K11: 14.2 | L11: 18.8 | M11: 15 | N11: 18.8 | O11: 15 | P11: 18.8 | Q11: 15
A12: DG162F | B12: 17.5 | C12: 14 | D12: 17.5 | E12: 14 | F12: 17.5 | G12: 14 | H12: 16.5 | I12: =H12*0.8 -> 13.2 | J12: 20.8 | K12: 16.6 | L12: 21.9 | M12: 17.5 | N12: 21.9 | O12: 17.5 | P12: 21.9 | Q12: 17.5
A13: DG162G | B13: 25 | C13: 20 | D13: 25 | E13: 20 | F13: 25 | G13: 20 | H13: 22.5 | I13: =H13*0.8 -> 18 | J13: 29.6 | K13: 23.7 | L13: 31.3 | M13: 25 | N13: 31.3 | O13: 25 | P13: 31.3 | Q13: 25
A15: DG182H | B15: 30 | C15: 24 | D15: 30 | E15: 24 | F15: 30 | G15: 24 | H15: 27 | I15: =H15*0.8 -> 21.6 | J15: 33 | K15: 26.4 | L15: 35 | M15: 28 | N15: 35 | O15: 28 | P15: 35 | Q15: 28
A16: DG182J | B16: 35 | C16: 28 | D16: 35 | E16: 28 | F16: 35 | G16: 28 | H16: 30.8 | I16: =H16*0.8 -> 24.64 | J16: 37.8 | K16: 30.2 | L16: 40 | M16: 32 | N16: 40 | O16: 32 | P16: 40 | Q16: 32
A17: DG182K | B17: 37.5 | C17: 30 | D17: 37.5 | E17: 30 | F17: 37.5 | G17: 30 | H17: 35 | I17: =H17*0.8 -> 28 | J17: 44.3 | K17: 35.4 | L17: 46.9 | M17: 37.5 | N17: 46.9 | O17: 37.5 | P17: 46.9 | Q17: 37.5
A24: Notes：
A25: 1. The above rating is based on 40 degree C ambient and 125K temperature rising below 1000 meters altitude above sea.

Sheet 2P 1PH rating
A1: Dingol Generator Rating Table (2-pole 1-phase rating)
A2: Model | B2: Single Phase 50Hz 3000RPM | N2: Single Phase 60Hz 3600RPM
A3: Power Factor | B3: 0.8 | D3: 0.8 | F3: 0.8 | H3: 1 | J3: 1 | L3: 1 | N3: 0.8 | P3: 0.8 | R3: 0.8 | T3: 1 | V3: 1 | X3: 1
A4: Volts
A5: Series | B5: 220 | D5: 230 | F5: 240 | H5: 220 | J5: 230 | L5: 240 | N5: 220 | P5: 230 | R5: 240 | T5: 220 | V5: 230 | X5: 240
A6: Parallel | B6: =B5/2 -> 110 | D6: =D5/2 -> 115 | F6: =F5/2 -> 120 | H6: =H5/2 -> 110 | J6: =J5/2 -> 115 | L6: =L5/2 -> 120 | N6: =N5/2 -> 110 | P6: =P5/2 -> 115 | R6: =R5/2 -> 120 | T6: =T5/2 -> 110 | V6: =V5/2 -> 115 | X6: =X5/2 -> 120
A7: Winding No. | B7: 05 | D7: 05 | F7: 05 | H7: 05 | J7: 05 | L7: 05 | N7: 06 | P7: 06 | R7: 06 | T7: 06 | V7: 06 | X7: 06
A8: Rating | B8: KVA | C8: KW | D8: KVA | E8: KW | F8: KVA | G8: KW | H8: KVA | I8: KW | J8: KVA | K8: KW | L8: KVA | M8: KW | N8: KVA | O8: KW | P8: KVA | Q8: KW | R8: KVA | S8: KW | T8: KVA | U8: KW | V8: KVA | W8: KW | X8: KVA | Y8: KW
A9: DG162D | B9: 8.4 | C9: 6.7 | D9: 8.4 | E9: 6.7 | F9: 8.4 | G9: 6.7 | H9: 9.6 | I9: 9.6 | J9: 9.6 | K9: 9.6 | L9: 10 | M9: 10 | N9: 10 | O9: 8 | P9: 10 | Q9: 8 | R9: 10 | S9: 8 | T9: 11.5 | U9: 11.5 | V9: 11.5 | W9: 11.5 | X9: 12 | Y9: 12
A10: DG162E | B10: 10 | C10: 8 | D10: 10 | E10: 8 | F10: 10 | G10: 8 | H10: 11.5 | I10: 11.5 | J10: 11.5 | K10: 11.5 | L10: 12 | M10: 12 | N10: 12.4 | O10: 9.9 | P10: 12.4 | Q10: 9.9 | R10: 12.4 | S10: 9.9 | T10: 12.8 | U10: 12.8 | V10: 12.8 | W10: 12.8 | X10: 15 | Y10: 15
A11: DG162F | B11: 11.8 | C11: 9.4 | D11: 11.8 | E11: 9.4 | F11: 11.8 | G11: 9.4 | H11: 13.5 | I11: 13.5 | J11: 13.5 | K11: 13.5 | L11: 14.5 | M11: 14.5 | N11: 14.4 | O11: 11.5 | P11: 14.4 | Q11: 11.5 | R11: 14.4 | S11: 11.5 | T11: 16.6 | U11: 16.6 | V11: 16.6 | W11: 16.6 | X11: 17.5 | Y11: 17.5
A12: DG162G | B12: 16.8 | C12: 13.4 | D12: 16.8 | E12: 13.4 | F12: 16.8 | G12: 13.4 | H12: 17.5 | I12: 17.5 | J12: 18.5 | K12: 18.5 | L12: 19.3 | M12: 19.3 | N12: 20.6 | O12: 16.5 | P12: 20.6 | Q12: 16.5 | R12: 20.6 | S12: 16.5 | T12: 23.7 | U12: 23.7 | V12: 23.7 | W12: 23.7 | X12: 22 | Y12: 22
A14: DG182H | B14: 20 | C14: 16 | D14: 20 | E14: 16 | F14: 20 | G14: 16 | H14: 20 | I14: 20 | J14: 20 | K14: 20 | L14: 20 | M14: 20 | N14: 24.8 | O14: 19.8 | P14: 24.8 | Q14: 19.8 | R14: 24.8 | S14: 19.8 | T14: 24.8 | U14: 24.8 | V14: 24.8 | W14: 24.8 | X14: 24.8 | Y14: 24.8
A15: DG182J | B15: 23.5 | C15: 18.8 | D15: 23.5 | E15: 18.8 | F15: 23.5 | G15: 18.8 | H15: 23.5 | I15: 23.5 | J15: 23.5 | K15: 23.5 | L15: 23.5 | M15: 23.5 | N15: 28.9 | O15: 23.1 | P15: 28.9 | Q15: 23.1 | R15: 28.9 | S15: 23.1 | T15: 28.9 | U15: 28.9 | V15: 28.9 | W15: 28.9 | X15: 28.9 | Y15: 28.9
A16: DG182K | B16: 25 | C16: 20 | D16: 25 | E16: 20 | F16: 25 | G16: 20 | H16: 25 | I16: 25 | J16: 25 | K16: 25 | L16: 25 | M16: 25 | N16: 31 | O16: 24.8 | P16: 31 | Q16: 24.8 | R16: 31 | S16: 24.8 | T16: 31 | U16: 31 | V16: 31 | W16: 31 | X16: 31 | Y16: 31
A18: Notes：
A19: 1. The above rating is based on 40 degree C ambient and 125K temperature rising below 1000 meters altitude above sea.

Sheet 4P 3PH 40SB
A1: Dingol Generator Rating Table (4-pole 3-phase rating)
A2: Model | B2: Three Phase 50Hz 1500RPM | J2: Three Phase 60Hz 1800RPM
A3: Power Factor | B3: 0.8 | D3: 0.8 | F3: 0.8 | H3: 0.8 | J3: 0.8 | L3: 0.8 | N3: 0.8 | P3: 0.8 | R3: 0.8 | T3: 0.8
A4: Volts
A5: Star(W12&W13) | B5: 380 | D5: 400 | F5: 415 | H5: 440 | J5: 380-416 | N5: 416 | P5: 440 | R5: 460 | T5: 480
A6: Delta(W12&W13) | B6: 220 | D6: 230 | F6: 240 | H6: 254 | J6: 220-240 | N6: 240 | P6: 254 | R6: 266 | T6: 277
A7: Series Star(W11&W14) | B7: 380 | D7: 400 | F7: 415 | H7: 440 | J7: - | L7: 380-416 | N7: 416 | P7: 440 | R7: 460 | T7: 480
A8: Parallel Star(W11&W14) | B8: 190 | D8: 200 | F8: 208 | H8: 220 | J8: - | L8: 190-208 | N8: 208 | P8: 220 | R8: 230 | T8: 240
A9: Series Delta | B9: 220 | D9: 230 | F9: 240 | H9: 254 | J9: - | L9: 220-240 | N9: 240 | P9: 254 | R9: 266 | T9: 277
A10: Winding No. | B10: 11 | D10: 11 | F10: 11 | H10: 11 | J10: 13 | L10: 14 | N10: 11 | P10: 11 | R10: 11 | T10: 11
A11: Rating | B11: KVA | C11: KW | D11: KVA | E11: KW | F11: KVA | G11: KW | H11: KVA | I11: KW | J11: KVA | K11: KW | L11: KVA | M11: KW | N11: KVA | O11: KW | P11: KVA | Q11: KW | R11: KVA | S11: KW | T11: KVA | U11: KW
A12: DG164A | B12: - | C12: - | D12: - | E12: - | F12: - | G12: - | H12: - | I12: - | J12: - | K12: - | L12: - | M12: - | N12: - | O12: - | P12: - | Q12: - | R12: - | S12: - | T12: - | U12: -
A13: DG164B | B13: - | C13: - | D13: - | E13: - | F13: - | G13: - | H13: - | I13: - | J13: - | K13: - | L13: - | M13: - | N13: - | O13: - | P13: - | Q13: - | R13: - | S13: - | T13: - | U13: -
A14: DG164C | B14: - | C14: - | D14: - | E14: - | F14: - | G14: - | H14: - | I14: - | J14: - | K14: - | L14: - | M14: - | N14: - | O14: - | P14: - | Q14: - | R14: - | S14: - | T14: - | U14: -
A15: DG164D | B15: - | C15: - | D15: - | E15: - | F15: - | G15: - | H15: - | I15: - | J15: - | K15: - | L15: - | M15: - | N15: - | O15: - | P15: - | Q15: - | R15: - | S15: - | T15: - | U15: -
A17: DG184ES | B17: - | C17: - | D17: - | E17: - | F17: - | G17: - | H17: - | I17: - | J17: - | K17: - | L17: - | M17: - | N17: - | O17: - | P17: - | Q17: - | R17: - | S17: - | T17: - | U17: -
A18: DG184E | B18: - | C18: - | D18: - | E18: - | F18: - | G18: - | H18: - | I18: - | J18: - | K18: - | L18: - | M18: - | N18: - | O18: - | P18: - | Q18: - | R18: - | S18: - | T18: - | U18: -
A19: DG184F | B19: 29 | C19: =B19*0.8 -> 23.2 | D19: 29 | E19: =D19*0.8 -> 23.2 | F19: 29 | G19: =F19*0.8 -> 23.2 | H19: 23.7 | I19: =H19*0.8 -> 18.96 | J19: - | K19: - | L19: - | M19: - | N19: 33.8 | O19: =N19*0.8 -> 27.04 | P19: 35 | Q19: =P19*0.8 -> 28 | R19: 35 | S19: =R19*0.8 -> 28 | T19: 37.5 | U19: =T19*0.8 -> 30
A20: DG184G | B20: 32.5 | C20: =B20*0.8 -> 26 | D20: 32.5 | E20: =D20*0.8 -> 26 | F20: 32.5 | G20: 25 | H20: 28.6 | I20: =H20*0.8 -> 22.88 | J20: - | K20: - | L20: - | M20: - | N20: 36.3 | O20: =N20*0.8 -> 29.04 | P20: 38.8 | Q20: =P20*0.8 -> 31.04 | R20: 38.8 | S20: =R20*0.8 -> 31.04 | T20: 38.8 | U20: =T20*0.8 -> 31.04
A21: DG184H | B21: 39 | C21: =B21*0.8 -> 31.2 | D21: 39 | E21: =D21*0.8 -> 31.2 | F21: 39 | G21: =F21*0.8 -> 31.2 | H21: 33.8 | I21: =H21*0.8 -> 27.04 | J21: - | K21: - | L21: - | M21: - | N21: 45.9 | O21: =N21*0.8 -> 36.72 | P21: 48.5 | Q21: =P21*0.8 -> 38.8 | R21: 48.5 | S21: =R21*0.8 -> 38.8 | T21: 48.5 | U21: =T21*0.8 -> 38.8
A22: DG184J | B22: 41.5 | C22: =B22*0.8 -> 33.2 | D22: 44 | E22: =D22*0.8 -> 35.2 | F22: 41.5 | G22: =F22*0.8 -> 33.2 | H22: 36.3 | I22: =H22*0.8 -> 29.04 | J22: - | K22: - | L22: - | M22: - | N22: 49.2 | O22: =N22*0.8 -> 39.36 | P22: 52 | Q22: =P22*0.8 -> 41.6 | R22: 52 | S22: =R22*0.8 -> 41.6 | T22: 52 | U22: =T22*0.8 -> 41.6
A24: DG224C | B24: 45 | C24: =B24*0.8 -> 36 | D24: 45 | E24: =D24*0.8 -> 36 | F24: 45 | G24: =F24*0.8 -> 36 | H24: 31.7 | I24: =H24*0.8 -> 25.36 | J24: - | K24: - | L24: 58.1 | M24: =L24*0.8 -> 46.48 | N24: 53.1 | O24: =N24*0.8 -> 42.48 | P24: 55 | Q24: =P24*0.8 -> 44 | R24: 55 | S24: =R24*0.8 -> 44 | T24: 58.1 | U24: =T24*0.8 -> 46.48
A25: DG224D | B25: 53 | C25: =B25*0.8 -> 42.4 | D25: 53 | E25: =D25*0.8 -> 42.4 | F25: 53 | G25: =F25*0.8 -> 42.4 | H25: 39.1 | I25: =H25*0.8 -> 31.28 | J25: - | K25: - | L25: 65 | M25: =L25*0.8 -> 52 | N25: 62.5 | O25: =N25*0.8 -> 50 | P25: 65 | Q25: =P25*0.8 -> 52 | R25: 65 | S25: =R25*0.8 -> 52 | T25: 68.8 | U25: =T25*0.8 -> 55.04
A26: DG224E | B26: 61 | C26: =B26*0.8 -> 48.8 | D26: 61 | E26: =D26*0.8 -> 48.8 | F26: 61 | G26: =F26*0.8 -> 48.8 | H26: 45.8 | I26: =H26*0.8 -> 36.64 | J26: - | K26: - | L26: 73.8 | M26: =L26*0.8 -> 59.04 | N26: 70 | O26: =N26*0.8 -> 56 | P26: 73.8 | Q26: =P26*0.8 -> 59.04 | R26: 73.8 | S26: =R26*0.8 -> 59.04 | T26: 78.8 | U26: =T26*0.8 -> 63.04
A27: DG224F | B27: 77 | C27: =B27*0.8 -> 61.6 | D27: 77 | E27: =D27*0.8 -> 61.6 | F27: 77 | G27: =F27*0.8 -> 61.6 | H27: 58 | I27: =H27*0.8 -> 46.4 | J27: - | K27: - | L27: 89.4 | M27: =L27*0.8 -> 71.52 | N27: 88.8 | O27: =N27*0.8 -> 71.04 | P27: 92.5 | Q27: =P27*0.8 -> 74 | R27: 92.5 | S27: =R27*0.8 -> 74 | T27: 98.8 | U27: =T27*0.8 -> 79.04
A28: DG224G | B28: 87.5 | C28: =B28*0.8 -> 70 | D28: 87.5 | E28: =D28*0.8 -> 70 | F28: 87.5 | G28: =F28*0.8 -> 70 | H28: 76.9 | I28: =H28*0.8 -> 61.52 | J28: - | K28: - | L28: 102.5 | M28: =L28*0.8 -> 82 | N28: 98.1 | O28: =N28*0.8 -> 78.48 | P28: 102.5 | Q28: =P28*0.8 -> 82 | R28: 102.5 | S28: =R28*0.8 -> 82 | T28: 110 | U28: =T28*0.8 -> 88
A30: DG274C | B30: 106 | C30: =B30*0.8 -> 84.8 | D30: 106 | E30: =D30*0.8 -> 84.8 | F30: 106 | G30: =F30*0.8 -> 84.8 | H30: - | I30: - | J30: - | K30: - | L30: 127 | M30: =L30*0.8 -> 101.6 | N30: 116.3 | O30: =N30*0.8 -> 93.04 | P30: 125 | Q30: =P30*0.8 -> 100 | R30: 117.5 | S30: =R30*0.8 -> 94 | T30: 132.5 | U30: =T30*0.8 -> 106
A31: DG274D | B31: 130 | C31: =B31*0.8 -> 104 | D31: 130 | E31: =D31*0.8 -> 104 | F31: 130 | G31: =F31*0.8 -> 104 | H31: - | I31: - | J31: - | K31: - | L31: 140 | M31: =L31*0.8 -> 112 | N31: 140 | O31: =N31*0.8 -> 112 | P31: 150 | Q31: =P31*0.8 -> 120 | R31: 150 | S31: =R31*0.8 -> 120 | T31: 150 | U31: =T31*0.8 -> 120
A32: DG274E | B32: 145 | C32: =B32*0.8 -> 116 | D32: 145 | E32: =D32*0.8 -> 116 | F32: 145 | G32: =F32*0.8 -> 116 | H32: - | I32: - | J32: - | K32: - | L32: 170 | M32: =L32*0.8 -> 136 | N32: 170 | O32: =N32*0.8 -> 136 | P32: 175 | Q32: =P32*0.8 -> 140 | R32: 175 | S32: =R32*0.8 -> 140 | T32: 187.5 | U32: =T32*0.8 -> 150
A33: DG274EL | B33: 155 | C33: =B33*0.8 -> 124 | D33: 155 | E33: =D33*0.8 -> 124 | F33: 155 | G33: =F33*0.8 -> 124 | H33: - | I33: - | J33: - | K33: - | L33: - | M33: - | N33: 170 | O33: =N33*0.8 -> 136 | P33: 180 | Q33: =P33*0.8 -> 144 | R33: 180 | S33: =R33*0.8 -> 144 | T33: 190 | U33: =T33*0.8 -> 152
A34: DG274F | B34: 170 | C34: =B34*0.8 -> 136 | D34: 170 | E34: =D34*0.8 -> 136 | F34: 170 | G34: =F34*0.8 -> 136 | H34: - | I34: - | J34: - | K34: - | L34: 186 | M34: =L34*0.8 -> 148.8 | N34: 187.5 | O34: =N34*0.8 -> 150 | P34: 200 | Q34: =P34*0.8 -> 160 | R34: 200 | S34: =R34*0.8 -> 160 | T34: 212.5 | U34: =T34*0.8 -> 170
A35: DG274G | B35: 187 | C35: =B35*0.8 -> 149.6 | D35: 187 | E35: =D35*0.8 -> 149.6 | F35: 187 | G35: =F35*0.8 -> 149.6 | H35: - | I35: - | J35: - | K35: - | L35: 207.5 | M35: =L35*0.8 -> 166 | N35: 213 | O35: =N35*0.8 -> 170.4 | P35: 228.8 | Q35: =P35*0.8 -> 183.04 | R35: 228.8 | S35: =R35*0.8 -> 183.04 | T35: 246.8 | U35: =T35*0.8 -> 197.44
A36: DG274H | B36: 212 | C36: =B36*0.8 -> 169.6 | D36: 212 | E36: =D36*0.8 -> 169.6 | F36: 212 | G36: =F36*0.8 -> 169.6 | H36: - | I36: - | J36: - | K36: - | L36: 250 | M36: =L36*0.8 -> 200 | N36: 237 | O36: =N36*0.8 -> 189.6 | P36: 258.8 | Q36: =P36*0.8 -> 207.04 | R36: 258.8 | S36: =R36*0.8 -> 207.04 | T36: 275 | U36: =T36*0.8 -> 220
A37: DG274J | B37: 250 | C37: =B37*0.8 -> 200 | D37: 250 | E37: =D37*0.8 -> 200 | F37: 250 | G37: =F37*0.8 -> 200 | H37: - | I37: - | J37: - | K37: - | L37: - | M37: - | N37: 288 | O37: =N37*0.8 -> 230.4 | P37: 300 | Q37: =P37*0.8 -> 240 | R37: 313 | S37: =R37*0.8 -> 250.4 | T37: 319 | U37: =T37*0.8 -> 255.2
A38: DG274K | B38: 265 | C38: =B38*0.8 -> 212 | D38: 265 | E38: =D38*0.8 -> 212 | F38: 265 | G38: =F38*0.8 -> 212 | H38: - | I38: - | J38: - | K38: - | L38: 319 | M38: =L38*0.8 -> 255.2 | N38: 304 | O38: =N38*0.8 -> 243.2 | P38: 312.5 | Q38: =P38*0.8 -> 250 | R38: 331.3 | S38: =R38*0.8 -> 265.04 | T38: 331.3 | U38: =T38*0.8 -> 265.04
A40: DG444C | B40: 259 | C40: =B40*0.8 -> 207.2 | D40: 259 | E40: =D40*0.8 -> 207.2 | F40: 259 | G40: =F40*0.8 -> 207.2 | H40: 259 | I40: =H40*0.8 -> 207.2 | J40: 319 | K40: =J40*0.8 -> 255.2 | L40: 319 | M40: =L40*0.8 -> 255.2 | N40: 300 | O40: =N40*0.8 -> 240 | P40: 313 | Q40: =P40*0.8 -> 250.4 | R40: 319 | S40: =R40*0.8 -> 255.2 | T40: 332 | U40: =T40*0.8 -> 265.6
A41: DG444D | B41: 313 | C41: =B41*0.8 -> 250.4 | D41: 313 | E41: =D41*0.8 -> 250.4 | F41: 313 | G41: =F41*0.8 -> 250.4 | H41: 295 | I41: =H41*0.8 -> 236 | J41: 375 | K41: =J41*0.8 -> 300 | L41: 375 | M41: =L41*0.8 -> 300 | N41: 356 | O41: =N41*0.8 -> 284.8 | P41: 375 | Q41: =P41*0.8 -> 300 | R41: 388 | S41: =R41*0.8 -> 310.4 | T41: 400 | U41: =T41*0.8 -> 320
A42: DGK444D | B42: 320 | C42: =B42*0.8 -> 256 | D42: 320 | E42: =D42*0.8 -> 256 | F42: 320 | G42: =F42*0.8 -> 256 | H42: 310 | I42: =H42*0.8 -> 248 | J42: 375 | K42: =J42*0.8 -> 300 | L42: 375 | M42: =L42*0.8 -> 300 | N42: 363 | O42: =N42*0.8 -> 290.4 | P42: 384 | Q42: =P42*0.8 -> 307.2 | R42: 400 | S42: =R42*0.8 -> 320 | T42: 400 | U42: =T42*0.8 -> 320
A43: DG444E | B43: 345 | C43: =B43*0.8 -> 276 | D43: 345 | E43: =D43*0.8 -> 276 | F43: 345 | G43: =F43*0.8 -> 276 | H43: 345 | I43: =H43*0.8 -> 276 | J43: - | K43: - | L43: - | M43: - | N43: 406 | O43: =N43*0.8 -> 324.8 | P43: 419 | Q43: =P43*0.8 -> 335.2 | R43: 431 | S43: =R43*0.8 -> 344.8 | T43: 444 | U43: =T43*0.8 -> 355.2
A44: DGK444E | B44: 368 | C44: =B44*0.8 -> 294.4 | D44: 368 | E44: =D44*0.8 -> 294.4 | F44: 368 | G44: =F44*0.8 -> 294.4 | H44: 368 | I44: =H44*0.8 -> 294.4 | J44: - | K44: - | L44: - | M44: - | N44: 417 | O44: =N44*0.8 -> 333.6 | P44: 442 | Q44: =P44*0.8 -> 353.6 | R44: 460 | S44: =R44*0.8 -> 368 | T44: 460 | U44: =T44*0.8 -> 368
A45: DG444F | B45: 390 | C45: =B45*0.8 -> 312 | D45: 390 | E45: =D45*0.8 -> 312 | F45: 390 | G45: =F45*0.8 -> 312 | H45: 390 | I45: =H45*0.8 -> 312 | J45: 500 | K45: =J45*0.8 -> 400 | L45: 500 | M45: =L45*0.8 -> 400 | N45: 475 | O45: =N45*0.8 -> 380 | P45: 483 | Q45: =P45*0.8 -> 386.4 | R45: 488 | S45: =R45*0.8 -> 390.4 | T45: 500 | U45: =T45*0.8 -> 400
A46: DGK444F | B46: 427 | C46: =B46*0.8 -> 341.6 | D46: 427 | E46: =D46*0.8 -> 341.6 | F46: 427 | G46: =F46*0.8 -> 341.6 | H46: 427 | I46: =H46*0.8 -> 341.6 | J46: 535 | K46: =J46*0.8 -> 428 | L46: 535 | M46: =L46*0.8 -> 428 | N46: 486 | O46: =N46*0.8 -> 388.8 | P46: 514 | Q46: =P46*0.8 -> 411.2 | R46: 535 | S46: =R46*0.8 -> 428 | T46: 535 | U46: =T46*0.8 -> 428
A48: DG544C | B48: 478 | C48: =B48*0.8 -> 382.4 | D48: 478 | E48: =D48*0.8 -> 382.4 | F48: 478 | G48: =F48*0.8 -> 382.4 | H48: 478 | I48: =H48*0.8 -> 382.4 | J48: 520 | K48: =J48*0.8 -> 416 | L48: 520 | M48: =L48*0.8 -> 416 | N48: 567 | O48: =N48*0.8 -> 453.6 | P48: 600 | Q48: =P48*0.8 -> 480 | R48: 625 | S48: =R48*0.8 -> 500 | T48: 625 | U48: =T48*0.8 -> 500
A49: DG544D | B49: 515 | C49: =B49*0.8 -> 412 | D49: 515 | E49: =D49*0.8 -> 412 | F49: 515 | G49: =F49*0.8 -> 412 | H49: 515 | I49: =H49*0.8 -> 412 | J49: 655 | K49: =J49*0.8 -> 524 | L49: 655 | M49: =L49*0.8 -> 524 | N49: 610 | O49: =N49*0.8 -> 488 | P49: 646 | Q49: =P49*0.8 -> 516.8 | R49: 673 | S49: =R49*0.8 -> 538.4 | T49: 673 | U49: =T49*0.8 -> 538.4
A50: DG544ES | B50: 600 | C50: =B50*0.8 -> 480 | D50: 600 | E50: =D50*0.8 -> 480 | F50: 600 | G50: =F50*0.8 -> 480 | H50: 600 | I50: =H50*0.8 -> 480 | J50: - | K50: - | L50: - | M50: - | N50: 635 | O50: =N50*0.8 -> 508 | P50: 650 | Q50: =P50*0.8 -> 520 | R50: 670 | S50: =R50*0.8 -> 536 | T50: 700 | U50: =T50*0.8 -> 560
A51: DG544E | B51: 636 | C51: =B51*0.8 -> 508.8 | D51: 636 | E51: =D51*0.8 -> 508.8 | F51: 636 | G51: =F51*0.8 -> 508.8 | H51: 636 | I51: =H51*0.8 -> 508.8 | J51: 710 | K51: =J51*0.8 -> 568 | L51: 710 | M51: =L51*0.8 -> 568 | N51: 726 | O51: =N51*0.8 -> 580.8 | P51: 768 | Q51: =P51*0.8 -> 614.4 | R51: 800 | S51: =R51*0.8 -> 640 | T51: 800 | U51: =T51*0.8 -> 640
A52: DG544EL | B52: 650 | C52: =B52*0.8 -> 520 | D52: 650 | E52: =D52*0.8 -> 520 | F52: 650 | G52: =F52*0.8 -> 520 | H52: 650 | I52: =H52*0.8 -> 520 | J52: 750 | K52: =J52*0.8 -> 600 | L52: 750 | M52: =L52*0.8 -> 600 | N52: 700 | O52: =N52*0.8 -> 560 | P52: 735 | Q52: =P52*0.8 -> 588 | R52: 755 | S52: =R52*0.8 -> 604 | T52: 765 | U52: =T52*0.8 -> 612
A53: DG544F | B53: 710 | C53: =B53*0.8 -> 568 | D53: 710 | E53: =D53*0.8 -> 568 | F53: 710 | G53: =F53*0.8 -> 568 | H53: 690 | I53: =H53*0.8 -> 552 | J53: 875 | K53: =J53*0.8 -> 700 | L53: 875 | M53: =L53*0.8 -> 700 | N53: 825 | O53: =N53*0.8 -> 660 | P53: 873 | Q53: =P53*0.8 -> 698.4 | R53: 909 | S53: =R53*0.8 -> 727.2 | T53: 909 | U53: =T53*0.8 -> 727.2
A55: Model | B55: Three Phase 50Hz 1500RPM | J55: Three Phase 60Hz 1800RPM
A56: Power Factor | B56: 0.8 | D56: 0.8 | F56: 0.8 | H56: 0.8 | J56: 0.8 | L56: 0.8 | N56: 0.8 | P56: 0.8 | R56: 0.8 | T56: 0.8
A57: Volts
A58: Star(W12&W13) | B58: 380 | D58: 400 | F58: 415 | H58: 440 | J58: 380-416 | N58: 416 | P58: 440 | R58: 460 | T58: 480
A59: Delta(W12&W13) | B59: 220 | D59: 230 | F59: 240 | H59: 254 | J59: 220-240 | N59: 240 | P59: 254 | R59: 266 | T59: 277
A60: Series Star(W11&W14) | B60: 380 | D60: 400 | F60: 415 | H60: 440 | J60: - | L60: 380-416 | N60: 416 | P60: 440 | R60: 460 | T60: 480
A61: Parallel Star(W11&W14) | B61: 190 | D61: 200 | F61: 208 | H61: 220 | J61: - | L61: 190-208 | N61: 208 | P61: 220 | R61: 230 | T61: 240
A62: Series Delta | B62: 220 | D62: 230 | F62: 240 | H62: 254 | J62: - | L62: 220-240 | N62: 240 | P62: 254 | R62: 266 | T62: 277
A63: Winding No. | B63: 11/12 | D63: 11/12 | F63: 11/12 | H63: 11/12 | J63: 13 | L63: 14 | N63: 11/12 | P63: 11/12 | R63: 11/12 | T63: 11/12
A64: Rating | B64: KVA | C64: KW | D64: KVA | E64: KW | F64: KVA | G64: KW | H64: KVA | I64: KW | J64: KVA | K64: KW | L64: KVA | M64: KW | N64: KVA | O64: KW | P64: KVA | Q64: KW | R64: KVA | S64: KW | T64: KVA | U64: KW
A65: DG634B | B65: 730 | C65: =B65*0.8 -> 584 | D65: 775 | E65: =D65*0.8 -> 620 | F65: 775 | G65: =F65*0.8 -> 620 | H65: 700 | I65: =H65*0.8 -> 560 | J65: 968 | K65: =J65*0.8 -> 774.4 | L65: 968 | M65: =L65*0.8 -> 774.4 | N65: 840 | O65: =N65*0.8 -> 672 | P65: 889 | Q65: =P65*0.8 -> 711.2 | R65: 929 | S65: =R65*0.8 -> 743.2 | T65: 970 | U65: =T65*0.8 -> 776
A66: DG634C1 | B66: 785 | C66: =B66*0.8 -> 628 | D66: 825 | E66: =D66*0.8 -> 660 | F66: 825 | G66: =F66*0.8 -> 660 | H66: 745 | I66: =H66*0.8 -> 596 | J66: - | K66: - | L66: - | M66: - | N66: 897 | O66: =N66*0.8 -> 717.6 | P66: 948 | Q66: =P66*0.8 -> 758.4 | R66: 992 | S66: =R66*0.8 -> 793.6 | T66: 1035 | U66: =T66*0.8 -> 828
A67: DG634D | B67: 890 | C67: =B67*0.8 -> 712 | D67: 938 | E67: =D67*0.8 -> 750.4 | F67: 938 | G67: =F67*0.8 -> 750.4 | H67: 850 | I67: =H67*0.8 -> 680 | J67: 1097 | K67: =J67*0.8 -> 877.6 | L67: 1097 | M67: =L67*0.8 -> 877.6 | N67: 1018 | O67: =N67*0.8 -> 814.4 | P67: 1077 | Q67: =P67*0.8 -> 861.6 | R67: 1126 | S67: =R67*0.8 -> 900.8 | T67: 1175 | U67: =T67*0.8 -> 940
A68: DG634E | B68: 980 | C68: =B68*0.8 -> 784 | D68: 1030 | E68: =D68*0.8 -> 824 | F68: 1030 | G68: =F68*0.8 -> 824 | H68: 938 | I68: =H68*0.8 -> 750.4 | J68: 1290 | K68: =J68*0.8 -> 1032 | L68: 1290 | M68: =L68*0.8 -> 1032 | N68: 1118 | O68: =N68*0.8 -> 894.4 | P68: 1180 | Q68: =P68*0.8 -> 944 | R68: 1236 | S68: =R68*0.8 -> 988.8 | T68: 1290 | U68: =T68*0.8 -> 1032
A69: DG634F | B69: 1125 | C69: =B69*0.8 -> 900 | D69: 1165 | E69: =D69*0.8 -> 932 | F69: 1165 | G69: =F69*0.8 -> 932 | H69: 1055 | I69: =H69*0.8 -> 844 | J69: 1362 | K69: =J69*0.8 -> 1089.6 | L69: 1362 | M69: =L69*0.8 -> 1089.6 | N69: 1243 | O69: =N69*0.8 -> 994.4 | P69: 1315 | Q69: =P69*0.8 -> 1052 | R69: 1375 | S69: =R69*0.8 -> 1100 | T69: 1435 | U69: =T69*0.8 -> 1148
A70: DG634G | B70: 1190 | C70: =B70*0.8 -> 952 | D70: 1288 | E70: =D70*0.8 -> 1030.4 | F70: 1288 | G70: =F70*0.8 -> 1030.4 | H70: 1170 | I70: =H70*0.8 -> 936 | J70: 1613 | K70: =J70*0.8 -> 1290.4 | L70: - | M70: - | N70: 1354 | O70: =N70*0.8 -> 1083.2 | P70: 1432 | Q70: =P70*0.8 -> 1145.6 | R70: 1497 | S70: =R70*0.8 -> 1197.6 | T70: 1563 | U70: =T70*0.8 -> 1250.4
K71: =J71*0.8 -> 0
A72: DH634G | B72: 810 | C72: =B72*0.8 -> 648 | D72: 810 | E72: =D72*0.8 -> 648 | F72: 810 | G72: =F72*0.8 -> 648 | K72: =J72*0.8 -> 0 | N72: 875 | O72: =N72*0.8 -> 700 | P72: 925 | Q72: =P72*0.8 -> 740 | R72: 963 | S72: =R72*0.8 -> 770.4 | T72: 1000 | U72: =T72*0.8 -> 800
A73: DH634H | B73: 940 | C73: 752 | D73: 940 | E73: 752 | F73: 940 | G73: 752 | K73: =J73*0.8 -> 0 | N73: 1025 | O73: =N73*0.8 -> 820 | P73: 1063 | Q73: =P73*0.8 -> 850.4 | R73: 1075 | S73: =R73*0.8 -> 860 | T73: 1125 | U73: =T73*0.8 -> 900
A74: DH634J | B74: 1030 | C74: 824 | D74: 1030 | E74: 824 | F74: 1030 | G74: 824 | K74: =J74*0.8 -> 0 | N74: 1150 | O74: =N74*0.8 -> 920 | P74: 1200 | Q74: =P74*0.8 -> 960 | R74: 1250 | S74: =R74*0.8 -> 1000 | T74: 1200 | U74: =T74*0.8 -> 960
A75: DH634K | B75: 1130 | C75: 904 | D75: 1130 | E75: 904 | F75: 1130 | G75: 904 | K75: =J75*0.8 -> 0 | N75: 1275 | O75: =N75*0.8 -> 1020 | P75: 1338 | Q75: =P75*0.8 -> 1070.4 | R75: 1388 | S75: =R75*0.8 -> 1110.4 | T75: 1438 | U75: =T75*0.8 -> 1150.4
A77: Notes：
A78: 1. DG634C has no W11 option
A79: 2. DGK-foluted fan
A80: 3. The above rating is based on 40 degree C ambient and 125K temperature rising below 1000 meters altitude above sea.

Sheet 4P 3PH 27SB
A1: Dingol Generator Rating Table (4-pole 3-phase rating)
A2: Model | B2: Three Phase 50Hz 1500RPM | J2: Three Phase 60Hz 1800RPM
A3: Power Factor | B3: 0.8 | D3: 0.8 | F3: 0.8 | H3: 0.8 | J3: 0.8 | L3: 0.8 | N3: 0.8 | P3: 0.8 | R3: 0.8 | T3: 0.8
A4: Volts
A5: Star(W12&W13) | B5: 380 | D5: 400 | F5: 415 | H5: 440 | J5: 380-416 | N5: 416 | P5: 440 | R5: 460 | T5: 480
A6: Delta(W12&W13) | B6: 220 | D6: 230 | F6: 240 | H6: 254 | J6: 220-240 | N6: 240 | P6: 254 | R6: 266 | T6: 277
A7: Series Star(W11&W14) | B7: 380 | D7: 400 | F7: 415 | H7: 440 | J7: - | L7: 380-416 | N7: 416 | P7: 440 | R7: 460 | T7: 480
A8: Parallel Star(W11&W14) | B8: 190 | D8: 200 | F8: 208 | H8: 220 | J8: - | L8: 190-208 | N8: 208 | P8: 220 | R8: 230 | T8: 240
A9: Series Delta | B9: 220 | D9: 230 | F9: 240 | H9: 254 | J9: - | L9: 220-240 | N9: 240 | P9: 254 | R9: 266 | T9: 277
A10: Winding No. | B10: 11 | D10: 11 | F10: 11 | H10: 11 | J10: 13 | L10: 14 | N10: 11 | P10: 11 | R10: 11 | T10: 11
A11: Rating | B11: KVA | C11: KW | D11: KVA | E11: KW | F11: KVA | G11: KW | H11: KVA | I11: KW | J11: KVA | K11: KW | L11: KVA | M11: KW | N11: KVA | O11: KW | P11: KVA | Q11: KW | R11: KVA | S11: KW | T11: KVA | U11: KW
A12: DG164A | B12: - | C12: - | D12: - | E12: - | F12: - | G12: - | H12: - | I12: - | J12: - | K12: - | L12: - | M12: - | N12: - | O12: - | P12: - | Q12: - | R12: - | S12: - | T12: - | U12: -
A13: DG164B | B13: - | C13: - | D13: - | E13: - | F13: - | G13: - | H13: - | I13: - | J13: - | K13: - | L13: - | M13: - | N13: - | O13: - | P13: - | Q13: - | R13: - | S13: - | T13: - | U13: -
A14: DG164C | B14: - | C14: - | D14: - | E14: - | F14: - | G14: - | H14: - | I14: - | J14: - | K14: - | L14: - | M14: - | N14: - | O14: - | P14: - | Q14: - | R14: - | S14: - | T14: - | U14: -
A15: DG164D | B15: - | C15: - | D15: - | E15: - | F15: - | G15: - | H15: - | I15: - | J15: - | K15: - | L15: - | M15: - | N15: - | O15: - | P15: - | Q15: - | R15: - | S15: - | T15: - | U15: -
A17: DG184ES | B17: - | C17: - | D17: - | E17: - | F17: - | G17: - | H17: - | I17: - | J17: - | K17: - | L17: - | M17: - | N17: - | O17: - | P17: - | Q17: - | R17: - | S17: - | T17: - | U17: -
A18: DG184E | B18: - | C18: - | D18: - | E18: - | F18: - | G18: - | H18: - | I18: - | J18: - | K18: - | L18: - | M18: - | N18: - | O18: - | P18: - | Q18: - | R18: - | S18: - | T18: - | U18: -
A19: DG184F | B19: 30 | C19: =B19*0.8 -> 24 | D19: 30 | E19: =D19*0.8 -> 24 | F19: 30 | G19: =F19*0.8 -> 24 | H19: 24.5 | I19: =H19*0.8 -> 19.6 | J19: - | K19: - | L19: - | M19: - | N19: 34.4 | O19: =N19*0.8 -> 27.52 | P19: 35.6 | Q19: =P19*0.8 -> 28.48 | R19: 35.6 | S19: =R19*0.8 -> 28.48 | T19: 38.8 | U19: =T19*0.8 -> 31.04
A20: DG184G | B20: 33 | C20: =B20*0.8 -> 26.4 | D20: 33 | E20: =D20*0.8 -> 26.4 | F20: 33 | G20: 25 | H20: 29 | I20: =H20*0.8 -> 23.2 | J20: - | K20: - | L20: - | M20: - | N20: 36.9 | O20: =N20*0.8 -> 29.52 | P20: 40 | Q20: =P20*0.8 -> 32 | R20: 40 | S20: =R20*0.8 -> 32 | T20: 40 | U20: =T20*0.8 -> 32
A21: DG184H | B21: 40 | C21: =B21*0.8 -> 32 | D21: 40 | E21: =D21*0.8 -> 32 | F21: 40 | G21: =F21*0.8 -> 32 | H21: 34.7 | I21: =H21*0.8 -> 27.76 | J21: - | K21: - | L21: - | M21: - | N21: 47.3 | O21: =N21*0.8 -> 37.84 | P21: 50 | Q21: =P21*0.8 -> 40 | R21: 50 | S21: =R21*0.8 -> 40 | T21: 50 | U21: =T21*0.8 -> 40
A22: DG184J | B22: 42.5 | C22: =B22*0.8 -> 34 | D22: 42.5 | E22: =D22*0.8 -> 34 | F22: 42.5 | G22: =F22*0.8 -> 34 | H22: 37.2 | I22: =H22*0.8 -> 29.76 | J22: - | K22: - | L22: - | M22: - | N22: 50.6 | O22: =N22*0.8 -> 40.48 | P22: 53.5 | Q22: =P22*0.8 -> 42.8 | R22: 53.5 | S22: =R22*0.8 -> 42.8 | T22: 53.5 | U22: =T22*0.8 -> 42.8
A24: DG224C | B24: 46.8 | C24: =B24*0.8 -> 37.44 | D24: 46.8 | E24: =D24*0.8 -> 37.44 | F24: 46.8 | G24: =F24*0.8 -> 37.44 | H24: 33 | I24: =H24*0.8 -> 26.4 | J24: - | K24: - | L24: 60 | M24: =L24*0.8 -> 48 | N24: 55 | O24: =N24*0.8 -> 44 | P24: 56.3 | Q24: =P24*0.8 -> 45.04 | R24: 56.3 | S24: =R24*0.8 -> 45.04 | T24: 60 | U24: =T24*0.8 -> 48
A25: DG224D | B25: 55 | C25: =B25*0.8 -> 44 | D25: 55 | E25: =D25*0.8 -> 44 | F25: 55 | G25: =F25*0.8 -> 44 | H25: 41.2 | I25: =H25*0.8 -> 32.96 | J25: - | K25: - | L25: 66.3 | M25: =L25*0.8 -> 53.04 | N25: 65 | O25: =N25*0.8 -> 52 | P25: 66.3 | Q25: =P25*0.8 -> 53.04 | R25: 66.3 | S25: =R25*0.8 -> 53.04 | T25: 71.3 | U25: =T25*0.8 -> 57.04
A26: DG224E | B26: 63 | C26: =B26*0.8 -> 50.4 | D26: 63 | E26: =D26*0.8 -> 50.4 | F26: 63 | G26: =F26*0.8 -> 50.4 | H26: 47.3 | I26: =H26*0.8 -> 37.84 | J26: - | K26: - | L26: 75 | M26: =L26*0.8 -> 60 | N26: 72.5 | O26: =N26*0.8 -> 58 | P26: 75 | Q26: =P26*0.8 -> 60 | R26: 75 | S26: =R26*0.8 -> 60 | T26: 80 | U26: =T26*0.8 -> 64
A27: DG224F | B27: 80 | C27: =B27*0.8 -> 64 | D27: 80 | E27: =D27*0.8 -> 64 | F27: 80 | G27: =F27*0.8 -> 64 | H27: 60.4 | I27: =H27*0.8 -> 48.32 | J27: - | K27: - | L27: 92 | M27: =L27*0.8 -> 73.6 | N27: 91.9 | O27: =N27*0.8 -> 73.52 | P27: 95 | Q27: =P27*0.8 -> 76 | R27: 95 | S27: =R27*0.8 -> 76 | T27: 102.5 | U27: =T27*0.8 -> 82
A28: DG224G | B28: 90.8 | C28: =B28*0.8 -> 72.64 | D28: 90.8 | E28: =D28*0.8 -> 72.64 | F28: 90.8 | G28: =F28*0.8 -> 72.64 | H28: 80.1 | I28: =H28*0.8 -> 64.08 | J28: - | K28: - | L28: 106.3 | M28: =L28*0.8 -> 85.04 | N28: 101.3 | O28: =N28*0.8 -> 81.04 | P28: 106.3 | Q28: =P28*0.8 -> 85.04 | R28: 106.3 | S28: =R28*0.8 -> 85.04 | T28: 113.8 | U28: =T28*0.8 -> 91.04
A30: DG274C | B30: 110 | C30: =B30*0.8 -> 88 | D30: 110 | E30: =D30*0.8 -> 88 | F30: 110 | G30: =F30*0.8 -> 88 | H30: - | I30: - | J30: - | K30: - | L30: 132 | M30: =L30*0.8 -> 105.6 | N30: 120 | O30: =N30*0.8 -> 96 | P30: 127.5 | Q30: =P30*0.8 -> 102 | R30: 127.5 | S30: =R30*0.8 -> 102 | T30: 137.5 | U30: =T30*0.8 -> 110
A31: DG274D | B31: 135 | C31: =B31*0.8 -> 108 | D31: 135 | E31: =D31*0.8 -> 108 | F31: 135 | G31: =F31*0.8 -> 108 | H31: - | I31: - | J31: - | K31: - | L31: 140 | M31: =L31*0.8 -> 112 | N31: 140 | O31: =N31*0.8 -> 112 | P31: 150 | Q31: =P31*0.8 -> 120 | R31: 150 | S31: =R31*0.8 -> 120 | T31: 150 | U31: =T31*0.8 -> 120
A32: DG274E | B32: 150 | C32: =B32*0.8 -> 120 | D32: 150 | E32: =D32*0.8 -> 120 | F32: 150 | G32: =F32*0.8 -> 120 | H32: - | I32: - | J32: - | K32: - | L32: 175 | M32: =L32*0.8 -> 140 | N32: 175 | O32: =N32*0.8 -> 140 | P32: 181.3 | Q32: =P32*0.8 -> 145.04 | R32: 181.3 | S32: =R32*0.8 -> 145.04 | T32: 193.8 | U32: =T32*0.8 -> 155.04
A33: DG274EL | B33: 160 | C33: =B33*0.8 -> 128 | D33: 160 | E33: =D33*0.8 -> 128 | F33: 160 | G33: =F33*0.8 -> 128 | H33: - | I33: - | J33: - | K33: - | L33: - | M33: - | N33: 170 | O33: =N33*0.8 -> 136 | P33: 180 | Q33: 144 | R33: 180 | S33: 144 | T33: 190 | U33: =T33*0.8 -> 152
A34: DG274F | B34: 175 | C34: =B34*0.8 -> 140 | D34: 175 | E34: =D34*0.8 -> 140 | F34: 175 | G34: =F34*0.8 -> 140 | H34: - | I34: - | J34: - | K34: - | L34: 190 | M34: =L34*0.8 -> 152 | N34: 192.5 | O34: =N34*0.8 -> 154 | P34: 206.3 | Q34: =P34*0.8 -> 165.04 | R34: 206.3 | S34: =R34*0.8 -> 165.04 | T34: 218.8 | U34: =T34*0.8 -> 175.04
A35: DG274G | B35: 194 | C35: =B35*0.8 -> 155.2 | D35: 194 | E35: =D35*0.8 -> 155.2 | F35: 194 | G35: =F35*0.8 -> 155.2 | H35: - | I35: - | J35: - | K35: - | L35: 212.5 | M35: =L35*0.8 -> 170 | N35: 218.5 | O35: =N35*0.8 -> 174.8 | P35: 234 | Q35: =P35*0.8 -> 187.2 | R35: 234 | S35: =R35*0.8 -> 187.2 | T35: 253.3 | U35: =T35*0.8 -> 202.64
A36: DG274H | B36: 220 | C36: =B36*0.8 -> 176 | D36: 220 | E36: =D36*0.8 -> 176 | F36: 220 | G36: =F36*0.8 -> 176 | H36: - | I36: - | J36: - | K36: - | L36: 256.3 | M36: =L36*0.8 -> 205.04 | N36: 256.3 | O36: =N36*0.8 -> 205.04 | P36: 265 | Q36: =P36*0.8 -> 212 | R36: 265 | S36: =R36*0.8 -> 212 | T36: 280 | U36: =T36*0.8 -> 224
A37: DG274J | B37: 260 | C37: =B37*0.8 -> 208 | D37: 260 | E37: =D37*0.8 -> 208 | F37: 260 | G37: =F37*0.8 -> 208 | H37: - | I37: - | J37: - | K37: - | L37: - | M37: - | N37: 294 | O37: =N37*0.8 -> 235.2 | P37: 306 | Q37: =P37*0.8 -> 244.8 | R37: 319 | S37: =R37*0.8 -> 255.2 | T37: 325 | U37: =T37*0.8 -> 260
A38: DG274K | B38: 275 | C38: =B38*0.8 -> 220 | D38: 275 | E38: =D38*0.8 -> 220 | F38: 275 | G38: =F38*0.8 -> 220 | H38: - | I38: - | J38: - | K38: - | L38: 325 | M38: =L38*0.8 -> 260 | N38: 312 | O38: =N38*0.8 -> 249.6 | P38: 320 | Q38: =P38*0.8 -> 256 | R38: 343.8 | S38: =R38*0.8 -> 275.04 | T38: 343.8 | U38: =T38*0.8 -> 275.04
A40: DG444C | B40: 268 | C40: =B40*0.8 -> 214.4 | D40: 268 | E40: =D40*0.8 -> 214.4 | F40: 268 | G40: =F40*0.8 -> 214.4 | H40: 268 | I40: =H40*0.8 -> 214.4 | J40: 331 | K40: =J40*0.8 -> 264.8 | L40: 331 | M40: =L40*0.8 -> 264.8 | N40: 313 | O40: =N40*0.8 -> 250.4 | P40: 325 | Q40: =P40*0.8 -> 260 | R40: 331 | S40: =R40*0.8 -> 264.8 | T40: 344 | U40: =T40*0.8 -> 275.2
A41: DG444D | B41: 324 | C41: =B41*0.8 -> 259.2 | D41: 324 | E41: =D41*0.8 -> 259.2 | F41: 324 | G41: =F41*0.8 -> 259.2 | H41: 305 | I41: =H41*0.8 -> 244 | J41: 383 | K41: =J41*0.8 -> 306.4 | L41: 383 | M41: =L41*0.8 -> 306.4 | N41: 363 | O41: =N41*0.8 -> 290.4 | P41: 383 | Q41: =P41*0.8 -> 306.4 | R41: 398 | S41: =R41*0.8 -> 318.4 | T41: 413 | U41: =T41*0.8 -> 330.4
A42: DGK444D | B42: 330 | C42: =B42*0.8 -> 264 | D42: 330 | E42: =D42*0.8 -> 264 | F42: 330 | G42: =F42*0.8 -> 264 | H42: 320 | I42: =H42*0.8 -> 256 | J42: 383 | K42: =J42*0.8 -> 306.4 | L42: 383 | M42: =L42*0.8 -> 306.4 | N42: 374 | O42: =N42*0.8 -> 299.2 | P42: 396 | Q42: =P42*0.8 -> 316.8 | R42: 413 | S42: =R42*0.8 -> 330.4 | T42: 413 | U42: =T42*0.8 -> 330.4
A43: DG444E | B43: 358 | C43: =B43*0.8 -> 286.4 | D43: 358 | E43: =D43*0.8 -> 286.4 | F43: 358 | G43: =F43*0.8 -> 286.4 | H43: 358 | I43: =H43*0.8 -> 286.4 | J43: - | K43: - | L43: - | M43: - | N43: 419 | O43: =N43*0.8 -> 335.2 | P43: 431 | Q43: =P43*0.8 -> 344.8 | R43: 444 | S43: =R43*0.8 -> 355.2 | T43: 456 | U43: =T43*0.8 -> 364.8
A44: DGK444E | B44: 380 | C44: =B44*0.8 -> 304 | D44: 380 | E44: =D44*0.8 -> 304 | F44: 380 | G44: =F44*0.8 -> 304 | H44: 380 | I44: =H44*0.8 -> 304 | J44: - | K44: - | L44: - | M44: - | N44: 432 | O44: =N44*0.8 -> 345.6 | P44: 456 | Q44: =P44*0.8 -> 364.8 | R44: 475 | S44: =R44*0.8 -> 380 | T44: 475 | U44: =T44*0.8 -> 380
A45: DG444F | B45: 404 | C45: =B45*0.8 -> 323.2 | D45: 404 | E45: =D45*0.8 -> 323.2 | F45: 404 | G45: =F45*0.8 -> 323.2 | H45: 404 | I45: =H45*0.8 -> 323.2 | J45: 519 | K45: =J45*0.8 -> 415.2 | L45: 519 | M45: =L45*0.8 -> 415.2 | N45: 488 | O45: =N45*0.8 -> 390.4 | P45: 500 | Q45: =P45*0.8 -> 400 | R45: 506 | S45: =R45*0.8 -> 404.8 | T45: 519 | U45: =T45*0.8 -> 415.2
A46: DGK444F | B46: 440 | C46: =B46*0.8 -> 352 | D46: 440 | E46: =D46*0.8 -> 352 | F46: 440 | G46: =F46*0.8 -> 352 | H46: 440 | I46: =H46*0.8 -> 352 | J46: 550 | K46: =J46*0.8 -> 440 | L46: 550 | M46: =L46*0.8 -> 440 | N46: 500 | O46: =N46*0.8 -> 400 | P46: 528 | Q46: =P46*0.8 -> 422.4 | R46: 550 | S46: =R46*0.8 -> 440 | T46: 550 | U46: =T46*0.8 -> 440
A48: DG544C | B48: 495 | C48: =B48*0.8 -> 396 | D48: 495 | E48: =D48*0.8 -> 396 | F48: 495 | G48: =F48*0.8 -> 396 | H48: 495 | I48: =H48*0.8 -> 396 | J48: 540 | K48: =J48*0.8 -> 432 | L48: 540 | M48: =L48*0.8 -> 432 | N48: 569 | O48: =N48*0.8 -> 455.2 | P48: 600 | Q48: =P48*0.8 -> 480 | R48: 631 | S48: =R48*0.8 -> 504.8 | T48: 644 | U48: =T48*0.8 -> 515.2
A49: DG544D | B49: 530 | C49: =B49*0.8 -> 424 | D49: 530 | E49: =D49*0.8 -> 424 | F49: 530 | G49: =F49*0.8 -> 424 | H49: 530 | I49: =H49*0.8 -> 424 | J49: 673 | K49: =J49*0.8 -> 538.4 | L49: 673 | M49: =L49*0.8 -> 538.4 | N49: 606 | O49: =N49*0.8 -> 484.8 | P49: 644 | Q49: =P49*0.8 -> 515.2 | R49: 673 | S49: =R49*0.8 -> 538.4 | T49: 694 | U49: =T49*0.8 -> 555.2
A50: DG544ES | B50: 620 | C50: =B50*0.8 -> 496 | D50: 620 | E50: =D50*0.8 -> 496 | F50: 620 | G50: =F50*0.8 -> 496 | H50: 620 | I50: =H50*0.8 -> 496 | J50: - | K50: - | L50: - | M50: - | N50: 635 | O50: =N50*0.8 -> 508 | P50: 650 | Q50: =P50*0.8 -> 520 | R50: 670 | S50: =R50*0.8 -> 536 | T50: 700 | U50: =T50*0.8 -> 560
A51: DG544E | B51: 660 | C51: =B51*0.8 -> 528 | D51: 660 | E51: =D51*0.8 -> 528 | F51: 660 | G51: =F51*0.8 -> 528 | H51: 660 | I51: =H51*0.8 -> 528 | J51: 730 | K51: =J51*0.8 -> 584 | L51: 730 | M51: =L51*0.8 -> 584 | N51: 738 | O51: =N51*0.8 -> 590.4 | P51: 769 | Q51: =P51*0.8 -> 615.2 | R51: 798 | S51: =R51*0.8 -> 638.4 | T51: 819 | U51: =T51*0.8 -> 655.2
A52: DG544EL | B52: 680 | C52: =B52*0.8 -> 544 | D52: 680 | E52: =D52*0.8 -> 544 | F52: 680 | G52: =F52*0.8 -> 544 | H52: 680 | I52: =H52*0.8 -> 544 | J52: 750 | K52: 600 | L52: =M52/0.8 -> 750 | M52: 600 | N52: 700 | O52: =N52*0.8 -> 560 | P52: 735 | Q52: =P52*0.8 -> 588 | R52: 755 | S52: =R52*0.8 -> 604 | T52: 765 | U52: =T52*0.8 -> 612
A53: DG544F | B53: 738 | C53: =B53*0.8 -> 590.4 | D53: 738 | E53: =D53*0.8 -> 590.4 | F53: 738 | G53: =F53*0.8 -> 590.4 | H53: 715 | I53: =H53*0.8 -> 572 | J53: 906 | K53: =J53*0.8 -> 724.8 | L53: 906 | M53: =L53*0.8 -> 724.8 | N53: 806 | O53: =N53*0.8 -> 644.8 | P53: 844 | Q53: =P53*0.8 -> 675.2 | R53: 878 | S53: =R53*0.8 -> 702.4 | T53: 906 | U53: =T53*0.8 -> 724.8
A55: Model | B55: Three Phase 50Hz 1500RPM | J55: Three Phase 60Hz 1800RPM
A56: Power Factor | B56: 0.8 | D56: 0.8 | F56: 0.8 | H56: 0.8 | J56: 0.8 | L56: 0.8 | N56: 0.8 | P56: 0.8 | R56: 0.8 | T56: 0.8
A57: Volts
A58: Star(W12&W13) | B58: 380 | D58: 400 | F58: 415 | H58: 440 | J58: 380-416 | N58: 416 | P58: 440 | R58: 460 | T58: 480
A59: Delta(W12&W13) | B59: 220 | D59: 230 | F59: 240 | H59: 254 | J59: 220-240 | N59: 240 | P59: 254 | R59: 266 | T59: 277
A60: Series Star(W11&W14) | B60: 380 | D60: 400 | F60: 415 | H60: 440 | J60: - | L60: 380-416 | N60: 416 | P60: 440 | R60: 460 | T60: 480
A61: Parallel Star(W11&W14) | B61: 190 | D61: 200 | F61: 208 | H61: 220 | J61: - | L61: 190-208 | N61: 208 | P61: 220 | R61: 230 | T61: 240
A62: Series Delta | B62: 220 | D62: 230 | F62: 240 | H62: 254 | J62: - | L62: 220-240 | N62: 240 | P62: 254 | R62: 266 | T62: 277
A63: Winding No. | B63: 11/12 | D63: 11/12 | F63: 11/12 | H63: 11/12 | J63: 13 | L63: 14 | N63: 11/12 | P63: 11/12 | R63: 11/12 | T63: 11/12
A64: Rating | B64: KVA | C64: KW | D64: KVA | E64: KW | F64: KVA | G64: KW | H64: KVA | I64: KW | J64: KVA | K64: KW | L64: KVA | M64: KW | N64: KVA | O64: KW | P64: KVA | Q64: KW | R64: KVA | S64: KW | T64: KVA | U64: KW
A65: DG634B | B65: 745 | C65: =B65*0.8 -> 596 | D65: 790 | E65: =D65*0.8 -> 632 | F65: 790 | G65: =F65*0.8 -> 632 | H65: 715 | I65: =H65*0.8 -> 572 | J65: 984 | K65: =J65*0.8 -> 787.2 | L65: 984 | M65: =L65*0.8 -> 787.2 | N65: 849 | O65: =N65*0.8 -> 679.2 | P65: 898 | Q65: =P65*0.8 -> 718.4 | R65: 939 | S65: =R65*0.8 -> 751.2 | T65: 980 | U65: =T65*0.8 -> 784
A66: DG634C1 | B66: 800 | C66: =B66*0.8 -> 640 | D66: 840 | E66: =D66*0.8 -> 672 | F66: 840 | G66: =F66*0.8 -> 672 | H66: 760 | I66: =H66*0.8 -> 608 | J66: - | K66: - | L66: - | M66: - | N66: 905 | O66: =N66*0.8 -> 724 | P66: 958 | Q66: =P66*0.8 -> 766.4 | R66: 1000 | S66: =R66*0.8 -> 800 | T66: 1045 | U66: =T66*0.8 -> 836
A67: DG634D | B67: 910 | C67: =B67*0.8 -> 728 | D67: 955 | E67: =D67*0.8 -> 764 | F67: 955 | G67: =F67*0.8 -> 764 | H67: 865 | I67: =H67*0.8 -> 692 | J67: 1116 | K67: =J67*0.8 -> 892.8 | L67: 1116 | M67: =L67*0.8 -> 892.8 | N67: 1030 | O67: =N67*0.8 -> 824 | P67: 1090 | Q67: =P67*0.8 -> 872 | R67: 1140 | S67: =R67*0.8 -> 912 | T67: 1190 | U67: =T67*0.8 -> 952
A68: DG634E | B68: 1000 | C68: =B68*0.8 -> 800 | D68: 1050 | E68: =D68*0.8 -> 840 | F68: 1050 | G68: =F68*0.8 -> 840 | H68: 955 | I68: =H68*0.8 -> 764 | J68: 1313 | K68: =J68*0.8 -> 1050.4 | L68: 1313 | M68: =L68*0.8 -> 1050.4 | N68: 1130 | O68: =N68*0.8 -> 904 | P68: 1195 | Q68: =P68*0.8 -> 956 | R68: 1250 | S68: =R68*0.8 -> 1000 | T68: 1305 | U68: =T68*0.8 -> 1044
A69: DG634F | B69: 1145 | C69: =B69*0.8 -> 916 | D69: 1185 | E69: =D69*0.8 -> 948 | F69: 1185 | G69: =F69*0.8 -> 948 | H69: 1075 | I69: =H69*0.8 -> 860 | J69: 1386 | K69: =J69*0.8 -> 1108.8 | L69: 1386 | M69: =L69*0.8 -> 1108.8 | N69: 1257 | O69: =N69*0.8 -> 1005.6 | P69: 1329 | Q69: =P69*0.8 -> 1063.2 | R69: 1390 | S69: =R69*0.8 -> 1112 | T69: 1450 | U69: =T69*0.8 -> 1160
A70: DG634G | B70: 1250 | C70: =B70*0.8 -> 1000 | D70: 1313 | E70: =D70*0.8 -> 1050.4 | F70: 1313 | G70: =F70*0.8 -> 1050.4 | H70: 1190 | I70: =H70*0.8 -> 952 | J70: 1641 | K70: =J70*0.8 -> 1312.8 | L70: - | M70: - | N70: 1369 | O70: =N70*0.8 -> 1095.2 | P70: 1448 | Q70: =P70*0.8 -> 1158.4 | R70: 1514 | S70: =R70*0.8 -> 1211.2 | T70: 1580 | U70: =T70*0.8 -> 1264
A72: DH634G | B72: 810 | C72: =B72*0.8 -> 648 | D72: 810 | E72: =D72*0.8 -> 648 | F72: 810 | G72: =F72*0.8 -> 648 | N72: 875 | O72: =N72*0.8 -> 700 | P72: 925 | Q72: =P72*0.8 -> 740 | R72: 963 | S72: =R72*0.8 -> 770.4 | T72: 1000 | U72: =T72*0.8 -> 800
A73: DH634H | B73: 940 | C73: 752 | D73: 940 | E73: 752 | F73: 940 | G73: 752 | N73: 1025 | O73: =N73*0.8 -> 820 | P73: 1063 | Q73: =P73*0.8 -> 850.4 | R73: 1075 | S73: =R73*0.8 -> 860 | T73: 1125 | U73: =T73*0.8 -> 900
A74: DH634J | B74: 1030 | C74: 824 | D74: 1030 | E74: 824 | F74: 1030 | G74: 824 | N74: 1150 | O74: =N74*0.8 -> 920 | P74: 1200 | Q74: =P74*0.8 -> 960 | R74: 1250 | S74: =R74*0.8 -> 1000 | T74: 1200 | U74: =T74*0.8 -> 960
A75: DH634K | B75: 1130 | C75: 904 | D75: 1130 | E75: 904 | F75: 1130 | G75: 904 | N75: 1275 | O75: =N75*0.8 -> 1020 | P75: 1338 | Q75: =P75*0.8 -> 1070.4 | R75: 1388 | S75: =R75*0.8 -> 1110.4 | T75: 1438 | U75: =T75*0.8 -> 1150.4
A77: Notes：
A78: 1. DG634C has no W11 option
A79: 2. DGK-foluted fan
A80: 3. The above rating is based on 40 degree C ambient and 125K temperature rising below 1000 meters altitude above sea.

Sheet 4P 3PH 150K
A1: Dingol Generator Rating Table (4-pole 3-phase rating)
A2: Model | B2: Three Phase 50Hz 1500RPM | J2: Three Phase 60Hz 1800RPM
A3: Power Factor | B3: 0.8 | D3: 0.8 | F3: 0.8 | H3: 0.8 | J3: 0.8 | L3: 0.8 | N3: 0.8 | P3: 0.8 | R3: 0.8 | T3: 0.8
A4: Volts
A5: Star(W12&W13) | B5: 380 | D5: 400 | F5: 415 | H5: 440 | J5: 380-416 | N5: 416 | P5: 440 | R5: 460 | T5: 480
A6: Delta(W12&W13) | B6: 220 | D6: 230 | F6: 240 | H6: 254 | J6: 220-240 | N6: 240 | P6: 254 | R6: 266 | T6: 277
A7: Series Star(W11&W14) | B7: 380 | D7: 400 | F7: 415 | H7: 440 | J7: - | L7: 380-416 | N7: 416 | P7: 440 | R7: 460 | T7: 480
A8: Parallel Star(W11&W14) | B8: 190 | D8: 200 | F8: 208 | H8: 220 | J8: - | L8: 190-208 | N8: 208 | P8: 220 | R8: 230 | T8: 240
A9: Series Delta | B9: 220 | D9: 230 | F9: 240 | H9: 254 | J9: - | L9: 220-240 | N9: 240 | P9: 254 | R9: 266 | T9: 277
A10: Parallel delta | B10: =B9/2 -> 110 | D10: =D9/2 -> 115 | F10: =F9/2 -> 120 | H10: =H9/2 -> 127 | L10: 110-120 | N10: =N9/2 -> 120 | P10: =P9/2 -> 127 | R10: =R9/2 -> 133 | T10: =T9/2 -> 138.5
A11: Winding No. | B11: 11 | D11: 11 | F11: 11 | H11: 11 | J11: 13 | L11: 14 | N11: 11 | P11: 11 | R11: 11 | T11: 11
A12: Rating | B12: KVA | C12: KW | D12: KVA | E12: KW | F12: KVA | G12: KW | H12: KVA | I12: KW | J12: KVA | K12: KW | L12: KVA | M12: KW | N12: KVA | O12: KW | P12: KVA | Q12: KW | R12: KVA | S12: KW | T12: KVA | U12: KW
A13: DG164A | B13: - | C13: - | D13: - | E13: - | F13: - | G13: - | H13: - | I13: - | L13: - | M13: - | N13: - | O13: - | P13: - | Q13: - | R13: - | S13: - | T13: - | U13: -
A14: DG164B | B14: - | C14: - | D14: - | E14: - | F14: - | G14: - | H14: - | I14: - | L14: - | M14: - | N14: - | O14: - | P14: - | Q14: - | R14: - | S14: - | T14: - | U14: -
A15: DG164C | B15: - | C15: - | D15: - | E15: - | F15: - | G15: - | H15: - | I15: - | L15: - | M15: - | N15: - | O15: - | P15: - | Q15: - | R15: - | S15: - | T15: - | U15: -
A16: DG164D | B16: - | C16: - | D16: - | E16: - | F16: - | G16: - | H16: - | I16: - | L16: - | M16: - | N16: - | O16: - | P16: - | Q16: - | R16: - | S16: - | T16: - | U16: -
A18: DG184ES | B18: - | C18: - | D18: - | E18: - | F18: - | G18: - | H18: - | I18: - | L18: - | M18: - | N18: - | O18: - | P18: - | Q18: - | R18: - | S18: - | T18: - | U18: -
A19: DG184E | B19: - | C19: - | D19: - | E19: - | F19: - | G19: - | H19: - | I19: - | L19: - | M19: - | N19: - | O19: - | P19: - | Q19: - | R19: - | S19: - | T19: - | U19: -
A20: DG184F | B20: 29 | C20: =B20*0.8 -> 23.2 | D20: 29 | E20: =D20*0.8 -> 23.2 | F20: 29 | G20: =F20*0.8 -> 23.2 | H20: 23.7 | I20: =H20*0.8 -> 18.96 | L20: ='4P 3PH rating '!L20*1.03 -> 33.475 | M20: =L20*0.8 -> 26.78 | N20: 33.8 | O20: =N20*0.8 -> 27.04 | P20: 35 | Q20: =P20*0.8 -> 28 | R20: 35 | S20: =R20*0.8 -> 28 | T20: 37.5 | U20: =T20*0.8 -> 30
A21: DG184G | B21: 32.5 | C21: =B21*0.8 -> 26 | D21: 32.5 | E21: =D21*0.8 -> 26 | F21: 32.5 | G21: =F21*0.8 -> 26 | H21: 28.6 | I21: =H21*0.8 -> 22.88 | L21: ='4P 3PH rating '!L21*1.03 -> 38.625 | M21: =L21*0.8 -> 30.9 | N21: 36.3 | O21: =N21*0.8 -> 29.04 | P21: 38.8 | Q21: =P21*0.8 -> 31.04 | R21: 38.8 | S21: =R21*0.8 -> 31.04 | T21: 38.8 | U21: =T21*0.8 -> 31.04
A22: DG184H | B22: 39 | C22: =B22*0.8 -> 31.2 | D22: 39 | E22: =D22*0.8 -> 31.2 | F22: 39 | G22: =F22*0.8 -> 31.2 | H22: 33.8 | I22: =H22*0.8 -> 27.04 | L22: ='4P 3PH rating '!L22*1.03 -> 44.805 | M22: =L22*0.8 -> 35.844 | N22: 45.9 | O22: =N22*0.8 -> 36.72 | P22: 48.5 | Q22: =P22*0.8 -> 38.8 | R22: 48.5 | S22: =R22*0.8 -> 38.8 | T22: 48.5 | U22: =T22*0.8 -> 38.8
A23: DG184J | B23: 41.5 | C23: =B23*0.8 -> 33.2 | D23: 44 | E23: =D23*0.8 -> 35.2 | F23: 41.5 | G23: =F23*0.8 -> 33.2 | H23: 36.3 | I23: =H23*0.8 -> 29.04 | L23: ='4P 3PH rating '!L23*1.03 -> 48.925 | M23: =L23*0.8 -> 39.14 | N23: 49.2 | O23: =N23*0.8 -> 39.36 | P23: 52 | Q23: =P23*0.8 -> 41.6 | R23: 52 | S23: =R23*0.8 -> 41.6 | T23: 52 | U23: =T23*0.8 -> 41.6
A25: DG224C | B25: 45 | C25: =B25*0.8 -> 36 | D25: 45 | E25: =D25*0.8 -> 36 | F25: 45 | G25: =F25*0.8 -> 36 | H25: 31.7 | I25: =H25*0.8 -> 25.36 | L25: 58.1 | M25: =L25*0.8 -> 46.48 | N25: 53.1 | O25: =N25*0.8 -> 42.48 | P25: 55 | Q25: =P25*0.8 -> 44 | R25: 55 | S25: =R25*0.8 -> 44 | T25: 58.1 | U25: =T25*0.8 -> 46.48
A26: DG224D | B26: 53 | C26: =B26*0.8 -> 42.4 | D26: 53 | E26: =D26*0.8 -> 42.4 | F26: 53 | G26: =F26*0.8 -> 42.4 | H26: 39.1 | I26: =H26*0.8 -> 31.28 | L26: 65 | M26: =L26*0.8 -> 52 | N26: 62.5 | O26: =N26*0.8 -> 50 | P26: 65 | Q26: =P26*0.8 -> 52 | R26: 65 | S26: =R26*0.8 -> 52 | T26: 68.8 | U26: =T26*0.8 -> 55.04
A27: DG224E | B27: 61 | C27: =B27*0.8 -> 48.8 | D27: 61 | E27: =D27*0.8 -> 48.8 | F27: 61 | G27: =F27*0.8 -> 48.8 | H27: 45.8 | I27: =H27*0.8 -> 36.64 | L27: 73.8 | M27: =L27*0.8 -> 59.04 | N27: 70 | O27: =N27*0.8 -> 56 | P27: 73.8 | Q27: =P27*0.8 -> 59.04 | R27: 73.8 | S27: =R27*0.8 -> 59.04 | T27: 78.8 | U27: =T27*0.8 -> 63.04
A28: DG224F | B28: 77 | C28: =B28*0.8 -> 61.6 | D28: 77 | E28: =D28*0.8 -> 61.6 | F28: 77 | G28: =F28*0.8 -> 61.6 | H28: 58 | I28: =H28*0.8 -> 46.4 | L28: 89.4 | M28: =L28*0.8 -> 71.52 | N28: 88.8 | O28: =N28*0.8 -> 71.04 | P28: 92.5 | Q28: =P28*0.8 -> 74 | R28: 92.5 | S28: =R28*0.8 -> 74 | T28: 98.8 | U28: =T28*0.8 -> 79.04
A29: DG224G | B29: 87.5 | C29: =B29*0.8 -> 70 | D29: 87.5 | E29: =D29*0.8 -> 70 | F29: 87.5 | G29: =F29*0.8 -> 70 | H29: 76.9 | I29: =H29*0.8 -> 61.52 | L29: 102.5 | M29: =L29*0.8 -> 82 | N29: 98.1 | O29: =N29*0.8 -> 78.48 | P29: 102.5 | Q29: =P29*0.8 -> 82 | R29: 102.5 | S29: =R29*0.8 -> 82 | T29: 110 | U29: =T29*0.8 -> 88
A31: DG274C | B31: 106 | C31: =B31*0.8 -> 84.8 | D31: 106 | E31: =D31*0.8 -> 84.8 | F31: 106 | G31: =F31*0.8 -> 84.8 | H31: - | I31: - | L31: 127 | M31: =L31*0.8 -> 101.6 | N31: 116.3 | O31: =N31*0.8 -> 93.04 | P31: 125 | Q31: =P31*0.8 -> 100 | R31: 125 | S31: =R31*0.8 -> 100 | T31: 132.5 | U31: =T31*0.8 -> 106
A32: DG274D | B32: =C32/0.8 -> 130 | C32: 104 | D32: =E32/0.8 -> 130 | E32: 104 | F32: =G32/0.8 -> 130 | G32: 104 | H32: - | I32: - | L32: 145 | M32: =L32*0.8 -> 116 | N32: 145 | O32: =N32*0.8 -> 116 | P32: 155 | Q32: =P32*0.8 -> 124 | R32: 155 | S32: =R32*0.8 -> 124 | T32: 160 | U32: =T32*0.8 -> 128
A33: DG274E | B33: 145 | C33: =B33*0.8 -> 116 | D33: 145 | E33: =D33*0.8 -> 116 | F33: 145 | G33: =F33*0.8 -> 116 | H33: - | I33: - | L33: 170 | M33: =L33*0.8 -> 136 | N33: 170 | O33: =N33*0.8 -> 136 | P33: 175 | Q33: =P33*0.8 -> 140 | R33: 175 | S33: =R33*0.8 -> 140 | T33: 187.5 | U33: =T33*0.8 -> 150
A34: DG274EL | B34: ='4P 3PH rating '!B34*1.03 -> 154.5 | C34: =B34*0.8 -> 123.6 | D34: ='4P 3PH rating '!D34*1.03 -> 154.5 | E34: =D34*0.8 -> 123.6 | F34: ='4P 3PH rating '!F34*1.03 -> 154.5 | G34: =F34*0.8 -> 123.6 | H34: - | I34: - | L34: ='4P 3PH rating '!L34*1.03 -> 175.1 | M34: =L34*0.8 -> 140.08 | N34: ='4P 3PH rating '!N34*1.03 -> 175.1 | O34: =N34*0.8 -> 140.08 | P34: ='4P 3PH rating '!P34*1.03 -> 185.4 | Q34: =P34*0.8 -> 148.32 | R34: ='4P 3PH rating '!R34*1.03 -> 185.4 | S34: =R34*0.8 -> 148.32 | T34: ='4P 3PH rating '!T34*1.03 -> 195.7 | U34: =T34*0.8 -> 156.56
A35: DG274F | B35: 170 | C35: =B35*0.8 -> 136 | D35: 170 | E35: =D35*0.8 -> 136 | F35: 170 | G35: =F35*0.8 -> 136 | H35: - | I35: - | L35: 186 | M35: =L35*0.8 -> 148.8 | N35: 187.5 | O35: =N35*0.8 -> 150 | P35: 200 | Q35: =P35*0.8 -> 160 | R35: 200 | S35: =R35*0.8 -> 160 | T35: 212.5 | U35: =T35*0.8 -> 170
A36: DG274G | B36: 187 | C36: =B36*0.8 -> 149.6 | D36: 187 | E36: =D36*0.8 -> 149.6 | F36: 187 | G36: =F36*0.8 -> 149.6 | H36: - | I36: - | L36: 207.5 | M36: =L36*0.8 -> 166 | N36: 213 | O36: =N36*0.8 -> 170.4 | P36: 228.8 | Q36: =P36*0.8 -> 183.04 | R36: 228.8 | S36: =R36*0.8 -> 183.04 | T36: 246.8 | U36: =T36*0.8 -> 197.44
A37: DG274H | B37: 212 | C37: =B37*0.8 -> 169.6 | D37: 212 | E37: =D37*0.8 -> 169.6 | F37: 212 | G37: =F37*0.8 -> 169.6 | H37: - | I37: - | L37: 250 | M37: =L37*0.8 -> 200 | N37: 250 | O37: =N37*0.8 -> 200 | P37: 258.8 | Q37: =P37*0.8 -> 207.04 | R37: 258.8 | S37: =R37*0.8 -> 207.04 | T37: 275 | U37: =T37*0.8 -> 220
A38: DG274J | B38: 250 | C38: =B38*0.8 -> 200 | D38: 250 | E38: =D38*0.8 -> 200 | F38: 250 | G38: =F38*0.8 -> 200 | H38: - | I38: - | L38: 292 | M38: =L38*0.8 -> 233.6 | N38: 288 | O38: =N38*0.8 -> 230.4 | P38: 300 | Q38: =P38*0.8 -> 240 | R38: 313 | S38: =R38*0.8 -> 250.4 | T38: 319 | U38: =T38*0.8 -> 255.2
A39: DG274K | B39: 265 | C39: =B39*0.8 -> 212 | D39: 265 | E39: =D39*0.8 -> 212 | F39: 265 | G39: =F39*0.8 -> 212 | H39: - | I39: - | L39: 319 | M39: =L39*0.8 -> 255.2 | N39: 304 | O39: =N39*0.8 -> 243.2 | P39: 312.5 | Q39: =P39*0.8 -> 250 | R39: 331.3 | S39: =R39*0.8 -> 265.04 | T39: 331.3 | U39: =T39*0.8 -> 265.04
A41: DG444C | B41: 259 | C41: =B41*0.8 -> 207.2 | D41: 259 | E41: =D41*0.8 -> 207.2 | F41: 259 | G41: =F41*0.8 -> 207.2 | H41: 259 | I41: =H41*0.8 -> 207.2 | J41: 319 | K41: =J41*0.8 -> 255.2 | L41: 319 | M41: =L41*0.8 -> 255.2 | N41: 300 | O41: =N41*0.8 -> 240 | P41: 313 | Q41: =P41*0.8 -> 250.4 | R41: 319 | S41: =R41*0.8 -> 255.2 | T41: 332 | U41: =T41*0.8 -> 265.6
A42: DG444D | B42: 313 | C42: =B42*0.8 -> 250.4 | D42: 313 | E42: =D42*0.8 -> 250.4 | F42: 313 | G42: =F42*0.8 -> 250.4 | H42: 295 | I42: =H42*0.8 -> 236 | J42: 375 | K42: =J42*0.8 -> 300 | L42: 375 | M42: =L42*0.8 -> 300 | N42: 356 | O42: =N42*0.8 -> 284.8 | P42: 375 | Q42: =P42*0.8 -> 300 | R42: 388 | S42: =R42*0.8 -> 310.4 | T42: 400 | U42: =T42*0.8 -> 320
A43: DGK444D | B43: 320 | C43: =B43*0.8 -> 256 | D43: 320 | E43: =D43*0.8 -> 256 | F43: 320 | G43: =F43*0.8 -> 256 | H43: 310 | I43: =H43*0.8 -> 248 | J43: 380 | K43: =J43*0.8 -> 304 | L43: 380 | M43: =L43*0.8 -> 304 | N43: 363 | O43: =N43*0.8 -> 290.4 | P43: 384 | Q43: =P43*0.8 -> 307.2 | R43: 400 | S43: =R43*0.8 -> 320 | T43: 400 | U43: =T43*0.8 -> 320
A44: DG444E | B44: 345 | C44: =B44*0.8 -> 276 | D44: 345 | E44: =D44*0.8 -> 276 | F44: 345 | G44: =F44*0.8 -> 276 | H44: 345 | I44: =H44*0.8 -> 276 | J44: - | K44: - | L44: - | M44: - | N44: 406 | O44: =N44*0.8 -> 324.8 | P44: 419 | Q44: =P44*0.8 -> 335.2 | R44: 431 | S44: =R44*0.8 -> 344.8 | T44: 444 | U44: =T44*0.8 -> 355.2
A45: DGK444E | B45: 368 | C45: =B45*0.8 -> 294.4 | D45: 368 | E45: =D45*0.8 -> 294.4 | F45: 368 | G45: =F45*0.8 -> 294.4 | H45: 368 | I45: =H45*0.8 -> 294.4 | J45: - | K45: - | L45: - | M45: - | N45: 417 | O45: =N45*0.8 -> 333.6 | P45: 442 | Q45: =P45*0.8 -> 353.6 | R45: 460 | S45: =R45*0.8 -> 368 | T45: 460 | U45: =T45*0.8 -> 368
A46: DG444F | B46: 390 | C46: =B46*0.8 -> 312 | D46: 390 | E46: =D46*0.8 -> 312 | F46: 390 | G46: =F46*0.8 -> 312 | H46: 390 | I46: =H46*0.8 -> 312 | J46: 500 | K46: =J46*0.8 -> 400 | L46: - | M46: - | N46: 475 | O46: =N46*0.8 -> 380 | P46: 483 | Q46: =P46*0.8 -> 386.4 | R46: 488 | S46: =R46*0.8 -> 390.4 | T46: 500 | U46: =T46*0.8 -> 400
A47: DGK444F | B47: 415 | C47: =B47*0.8 -> 332 | D47: 415 | E47: =D47*0.8 -> 332 | F47: 415 | G47: =F47*0.8 -> 332 | H47: 415 | I47: =H47*0.8 -> 332 | J47: 535 | K47: =J47*0.8 -> 428 | L47: - | M47: - | N47: 486 | O47: =N47*0.8 -> 388.8 | P47: 508 | Q47: =P47*0.8 -> 406.4 | R47: 513 | S47: =R47*0.8 -> 410.4 | T47: 525 | U47: =T47*0.8 -> 420
A49: DG544C | B49: 478 | C49: =B49*0.8 -> 382.4 | D49: 478 | E49: =D49*0.8 -> 382.4 | F49: 478 | G49: =F49*0.8 -> 382.4 | H49: 478 | I49: =H49*0.8 -> 382.4 | J49: 520 | K49: =J49*0.8 -> 416 | L49: 520 | M49: =L49*0.8 -> 416 | N49: 550 | O49: =N49*0.8 -> 440 | P49: 581 | Q49: =P49*0.8 -> 464.8 | R49: 613 | S49: =R49*0.8 -> 490.4 | T49: 625 | U49: =T49*0.8 -> 500
A50: DG544D | B50: 515 | C50: =B50*0.8 -> 412 | D50: 515 | E50: =D50*0.8 -> 412 | F50: 515 | G50: =F50*0.8 -> 412 | H50: 515 | I50: =H50*0.8 -> 412 | J50: 655 | K50: =J50*0.8 -> 524 | L50: 655 | M50: =L50*0.8 -> 524 | N50: 588 | O50: =N50*0.8 -> 470.4 | P50: 625 | Q50: =P50*0.8 -> 500 | R50: 655 | S50: =R50*0.8 -> 524 | T50: 675 | U50: =T50*0.8 -> 540
A51: DG544ES | B51: ='4P 3PH rating '!B51*1.03 -> 579.89 | C51: =B51*0.8 -> 463.912 | D51: ='4P 3PH rating '!D51*1.03 -> 579.89 | E51: =D51*0.8 -> 463.912 | F51: ='4P 3PH rating '!F51*1.03 -> 579.89 | G51: =F51*0.8 -> 463.912 | H51: ='4P 3PH rating '!H51*1.03 -> 579.89 | I51: =H51*0.8 -> 463.912 | J51: ='4P 3PH rating '!J51*1.03 -> 669.5 | K51: =J51*0.8 -> 535.6 | L51: ='4P 3PH rating '!L51*1.03 -> 669.5 | M51: =L51*0.8 -> 535.6 | N51: ='4P 3PH rating '!N51*1.03 -> 643.75 | O51: =N51*0.8 -> 515 | P51: ='4P 3PH rating '!P51*1.03 -> 669.5 | Q51: =P51*0.8 -> 535.6 | R51: 700 | S51: =R51*0.8 -> 560 | T51: 725 | U51: =T51*0.8 -> 580
A52: DG544E | B52: 636 | C52: =B52*0.8 -> 508.8 | D52: 636 | E52: =D52*0.8 -> 508.8 | F52: 636 | G52: =F52*0.8 -> 508.8 | H52: 636 | I52: =H52*0.8 -> 508.8 | J52: 710 | K52: =J52*0.8 -> 568 | L52: 710 | M52: =L52*0.8 -> 568 | N52: 719 | O52: =N52*0.8 -> 575.2 | P52: 750 | Q52: =P52*0.8 -> 600 | R52: 780 | S52: =R52*0.8 -> 624 | T52: 800 | U52: =T52*0.8 -> 640
A53: DG544EL | B53: ='4P 3PH rating '!B53*1.04 -> 650 | C53: =B53*0.8 -> 520 | D53: ='4P 3PH rating '!D53*1.04 -> 650 | E53: =D53*0.8 -> 520 | F53: ='4P 3PH rating '!F53*1.04 -> 650 | G53: =F53*0.8 -> 520 | H53: ='4P 3PH rating '!H53*1.04 -> 650 | I53: =H53*0.8 -> 520 | J53: ='4P 3PH rating '!J53*1.03 -> 731.3 | K53: =J53*0.8 -> 585.04 | L53: ='4P 3PH rating '!L53*1.03 -> 731.3 | M53: =L53*0.8 -> 585.04 | N53: ='4P 3PH rating '!N53*1.04 -> 728 | O53: =N53*0.8 -> 582.4 | P53: 765 | Q53: =P53*0.8 -> 612 | R53: 800 | S53: =R53*0.8 -> 640 | T53: 825 | U53: =T53*0.8 -> 660
A54: DG544F | B54: 710 | C54: =B54*0.8 -> 568 | D54: 710 | E54: =D54*0.8 -> 568 | F54: 710 | G54: =F54*0.8 -> 568 | H54: 690 | I54: =H54*0.8 -> 552 | J54: 850 | K54: =J54*0.8 -> 680 | L54: 850 | M54: =L54*0.8 -> 680 | N54: 781 | O54: =N54*0.8 -> 624.8 | P54: 819 | Q54: =P54*0.8 -> 655.2 | R54: 848 | S54: =R54*0.8 -> 678.4 | T54: 875 | U54: =T54*0.8 -> 700
A56: Model | B56: Three Phase 50Hz 1500RPM | J56: Three Phase 60Hz 1800RPM
A57: Power Factor | B57: 0.8 | D57: 0.8 | F57: 0.8 | H57: 0.8 | J57: 0.8 | L57: 0.8 | N57: 0.8 | P57: 0.8 | R57: 0.8 | T57: 0.8
A58: Volts
A59: Star(W12&W13) | B59: 380 | D59: 400 | F59: 415 | H59: 440 | J59: 380-416 | N59: 416 | P59: 440 | R59: 460 | T59: 480
A60: Delta(W12&W13) | B60: 220 | D60: 230 | F60: 240 | H60: 254 | J60: 220-240 | N60: 240 | P60: 254 | R60: 266 | T60: 277
A61: Series Star(W11&W14) | B61: 380 | D61: 400 | F61: 415 | H61: 440 | J61: - | L61: 380-416 | N61: 416 | P61: 440 | R61: 460 | T61: 480
A62: Parallel Star(W11&W14) | B62: 190 | D62: 200 | F62: 208 | H62: 220 | J62: - | L62: 190-208 | N62: 208 | P62: 220 | R62: 230 | T62: 240
A63: Series Delta | B63: 220 | D63: 230 | F63: 240 | H63: 254 | J63: - | L63: 220-240 | N63: 240 | P63: 254 | R63: 266 | T63: 277
A64: Winding No. | B64: 11/12 | D64: 11/12 | F64: 11/12 | H64: 11/12 | J64: 13 | L64: 14 | N64: 11/12 | P64: 11/12 | R64: 11/12 | T64: 11/12
A65: Rating | B65: KVA | C65: KW | D65: KVA | E65: KW | F65: KVA | G65: KW | H65: KVA | I65: KW | J65: KVA | K65: KW | L65: KVA | M65: KW | N65: KVA | O65: KW | P65: KVA | Q65: KW | R65: KVA | S65: KW | T65: KVA | U65: KW
A66: DG634B | B66: ='4P 3PH rating '!B66*1.03 -> 731.3 | C66: =B66*0.8 -> 585.04 | D66: ='4P 3PH rating '!D66*1.03 -> 772.5 | E66: =D66*0.8 -> 618 | F66: ='4P 3PH rating '!F66*1.03 -> 772.5 | G66: =F66*0.8 -> 618 | H66: ='4P 3PH rating '!H66*1.03 -> 700.4 | I66: =H66*0.8 -> 560.32 | J66: ='4P 3PH rating '!J66*1.03 -> 966.14 | K66: =J66*0.8 -> 772.912 | L66: ='4P 3PH rating '!L66*1.03 -> 966.14 | M66: =L66*0.8 -> 772.912 | N66: ='4P 3PH rating '!N66*1.03 -> 834.3 | O66: =N66*0.8 -> 667.44 | P66: ='4P 3PH rating '!P66*1.03 -> 880.65 | Q66: =P66*0.8 -> 704.52 | R66: ='4P 3PH rating '!R66*1.03 -> 921.85 | S66: =R66*0.8 -> 737.48 | T66: ='4P 3PH rating '!T66*1.03 -> 966.14 | U66: =T66*0.8 -> 772.912
A67: DG634C1 | B67: ='4P 3PH rating '!B67*1.03 -> 782.8 | C67: =B67*0.8 -> 626.24 | D67: ='4P 3PH rating '!D67*1.03 -> 824 | E67: =D67*0.8 -> 659.2 | F67: ='4P 3PH rating '!F67*1.03 -> 824 | G67: =F67*0.8 -> 659.2 | H67: ='4P 3PH rating '!H67*1.03 -> 746.75 | I67: =H67*0.8 -> 597.4 | J67: - | K67: - | L67: - | M67: - | N67: ='4P 3PH rating '!N67*1.03 -> 890.95 | O67: =N67*0.8 -> 712.76 | P67: ='4P 3PH rating '!P67*1.03 -> 943.48 | Q67: =P67*0.8 -> 754.784 | R67: ='4P 3PH rating '!R67*1.03 -> 986.74 | S67: =R67*0.8 -> 789.392 | T67: ='4P 3PH rating '!T67*1.03 -> 1030 | U67: =T67*0.8 -> 824
A68: DG634D | B68: ='4P 3PH rating '!B68*1.03 -> 890.95 | C68: =B68*0.8 -> 712.76 | D68: ='4P 3PH rating '!D68*1.03 -> 937.3 | E68: =D68*0.8 -> 749.84 | F68: ='4P 3PH rating '!F68*1.03 -> 937.3 | G68: =F68*0.8 -> 749.84 | H68: ='4P 3PH rating '!H68*1.03 -> 849.75 | I68: =H68*0.8 -> 679.8 | J68: ='4P 3PH rating '!J68*1.03 -> 1094.89 | K68: =J68*0.8 -> 875.912 | L68: ='4P 3PH rating '!L68*1.03 -> 1094.89 | M68: =L68*0.8 -> 875.912 | N68: ='4P 3PH rating '!N68*1.03 -> 1015.58 | O68: =N68*0.8 -> 812.464 | P68: ='4P 3PH rating '!P68*1.03 -> 1065.02 | Q68: =P68*0.8 -> 852.016 | R68: ='4P 3PH rating '!R68*1.03 -> 1122.7 | S68: =R68*0.8 -> 898.16 | T68: ='4P 3PH rating '!T68*1.03 -> 1172.14 | U68: =T68*0.8 -> 937.712
A69: DG634E | B69: ='4P 3PH rating '!B69*1.03 -> 978.5 | C69: =B69*0.8 -> 782.8 | D69: ='4P 3PH rating '!D69*1.03 -> 1030 | E69: =D69*0.8 -> 824 | F69: ='4P 3PH rating '!F69*1.03 -> 1030 | G69: =F69*0.8 -> 824 | H69: ='4P 3PH rating '!H69*1.03 -> 937.3 | I69: =H69*0.8 -> 749.84 | J69: ='4P 3PH rating '!J69*1.03 -> 1287.5 | K69: =J69*0.8 -> 1030 | L69: ='4P 3PH rating '!L69*1.03 -> 1287.5 | M69: =L69*0.8 -> 1030 | N69: ='4P 3PH rating '!N69*1.03 -> 1115.49 | O69: =N69*0.8 -> 892.392 | P69: ='4P 3PH rating '!P69*1.03 -> 1179.35 | Q69: =P69*0.8 -> 943.48 | R69: ='4P 3PH rating '!R69*1.03 -> 1232.91 | S69: =R69*0.8 -> 986.328 | T69: ='4P 3PH rating '!T69*1.03 -> 1287.5 | U69: =T69*0.8 -> 1030
A70: DG634F | B70: ='4P 3PH rating '!B70*1.03 -> 1122.7 | C70: =B70*0.8 -> 898.16 | D70: ='4P 3PH rating '!D70*1.03 -> 1163.9 | E70: =D70*0.8 -> 931.12 | F70: ='4P 3PH rating '!F70*1.03 -> 1163.9 | G70: =F70*0.8 -> 931.12 | H70: ='4P 3PH rating '!H70*1.03 -> 1055.75 | I70: =H70*0.8 -> 844.6 | J70: ='4P 3PH rating '!J70*1.03 -> 1359.6 | K70: =J70*0.8 -> 1087.68 | L70: ='4P 3PH rating '!L70*1.03 -> 1359.6 | M70: =L70*0.8 -> 1087.68 | N70: ='4P 3PH rating '!N70*1.03 -> 1240.12 | O70: =N70*0.8 -> 992.096 | P70: ='4P 3PH rating '!P70*1.03 -> 1312.22 | Q70: =P70*0.8 -> 1049.776 | R70: ='4P 3PH rating '!R70*1.03 -> 1371.96 | S70: =R70*0.8 -> 1097.568 | T70: ='4P 3PH rating '!T70*1.03 -> 1431.7 | U70: =T70*0.8 -> 1145.36
A71: DG634G | B71: ='4P 3PH rating '!B71*1.03 -> 1225.7 | C71: =B71*0.8 -> 980.56 | D71: ='4P 3PH rating '!D71*1.03 -> 1287.5 | E71: =D71*0.8 -> 1030 | F71: ='4P 3PH rating '!F71*1.03 -> 1287.5 | G71: =F71*0.8 -> 1030 | H71: ='4P 3PH rating '!H71*1.03 -> 1169.05 | I71: =H71*0.8 -> 935.24 | J71: ='4P 3PH rating '!J71*1.03 -> 1545 | K71: =J71*0.8 -> 1236 | L71: - | M71: - | N71: ='4P 3PH rating '!N71*1.03 -> 1349.3 | O71: =N71*0.8 -> 1079.44 | P71: ='4P 3PH rating '!P71*1.03 -> 1427.58 | Q71: =P71*0.8 -> 1142.064 | R71: ='4P 3PH rating '!R71*1.03 -> 1492.47 | S71: =R71*0.8 -> 1193.976 | T71: ='4P 3PH rating '!T71*1.03 -> 1558.39 | U71: =T71*0.8 -> 1246.712
A73: DG734B | B73: ='4P 3PH rating '!B73*1.03 -> 1400.8 | C73: =B73*0.8 -> 1120.64 | D73: ='4P 3PH rating '!D73*1.03 -> 1442 | E73: =D73*0.8 -> 1153.6 | F73: ='4P 3PH rating '!F73*1.03 -> 1442 | G73: =F73*0.8 -> 1153.6 | H73: ='4P 3PH rating '!H73*1.03 -> 1416.25 | I73: =H73*0.8 -> 1133 | J73: 1625 | K73: =J73*0.8 -> 1300 | L73: - | M73: - | N73: ='4P 3PH rating '!N73*1.03 -> 1570.75 | O73: =N73*0.8 -> 1256.6 | P73: ='4P 3PH rating '!P73*1.03 -> 1673.75 | Q73: =P73*0.8 -> 1339 | R73: ='4P 3PH rating '!R73*1.03 -> 1704.65 | S73: =R73*0.8 -> 1363.72 | T73: ='4P 3PH rating '!T73*1.03 -> 1740.7 | U73: =T73*0.8 -> 1392.56
A74: DG734C | B74: ='4P 3PH rating '!B74*1.03 -> 1550.15 | C74: =B74*0.8 -> 1240.12 | D74: ='4P 3PH rating '!D74*1.03 -> 1596.5 | E74: =D74*0.8 -> 1277.2 | F74: ='4P 3PH rating '!F74*1.03 -> 1596.5 | G74: =F74*0.8 -> 1277.2 | H74: ='4P 3PH rating '!H74*1.03 -> 1565.6 | I74: =H74*0.8 -> 1252.48 | J74: 1845 | K74: =J74*0.8 -> 1476 | L74: - | M74: - | N74: ='4P 3PH rating '!N74*1.03 -> 1756.15 | O74: =N74*0.8 -> 1404.92 | P74: ='4P 3PH rating '!P74*1.03 -> 1869.45 | Q74: =P74*0.8 -> 1495.56 | R74: ='4P 3PH rating '!R74*1.03 -> 1910.65 | S74: =R74*0.8 -> 1528.52 | T74: ='4P 3PH rating '!T74*1.03 -> 1946.7 | U74: =T74*0.8 -> 1557.36
A75: DG734D | B75: ='4P 3PH rating '!B75*1.03 -> 1663.45 | C75: =B75*0.8 -> 1330.76 | D75: ='4P 3PH rating '!D75*1.03 -> 1699.5 | E75: =D75*0.8 -> 1359.6 | F75: ='4P 3PH rating '!F75*1.03 -> 1699.5 | G75: =F75*0.8 -> 1359.6 | H75: ='4P 3PH rating '!H75*1.03 -> 1668.6 | I75: =H75*0.8 -> 1334.88 | J75: 1995 | K75: =J75*0.8 -> 1596 | L75: - | M75: - | N75: ='4P 3PH rating '!N75*1.03 -> 1869.45 | O75: =N75*0.8 -> 1495.56 | P75: ='4P 3PH rating '!P75*1.03 -> 1993.05 | Q75: =P75*0.8 -> 1594.44 | R75: ='4P 3PH rating '!R75*1.03 -> 2034.25 | S75: =R75*0.8 -> 1627.4 | T75: ='4P 3PH rating '!T75*1.03 -> 2075.45 | U75: =T75*0.8 -> 1660.36
A76: DG734E | B76: ='4P 3PH rating '!B76*1.03 -> 1900.35 | C76: =B76*0.8 -> 1520.28 | D76: ='4P 3PH rating '!D76*1.03 -> 1957 | E76: =D76*0.8 -> 1565.6 | F76: ='4P 3PH rating '!F76*1.03 -> 1957 | G76: =F76*0.8 -> 1565.6 | H76: ='4P 3PH rating '!H76*1.03 -> 1920.95 | I76: =H76*0.8 -> 1536.76 | J76: - | K76: - | L76: - | M76: - | N76: ='4P 3PH rating '!N76*1.03 -> 2132.1 | O76: =N76*0.8 -> 1705.68 | P76: ='4P 3PH rating '!P76*1.03 -> 2276.3 | Q76: =P76*0.8 -> 1821.04 | R76: ='4P 3PH rating '!R76*1.03 -> 2317.5 | S76: =R76*0.8 -> 1854 | T76: ='4P 3PH rating '!T76*1.03 -> 2369 | U76: =T76*0.8 -> 1895.2
A77: DG734F | B77: ='4P 3PH rating '!B77*1.03 -> 2080.6 | C77: =B77*0.8 -> 1664.48 | D77: ='4P 3PH rating '!D77*1.03 -> 2142.4 | E77: =D77*0.8 -> 1713.92 | F77: ='4P 3PH rating '!F77*1.03 -> 2142.4 | G77: =F77*0.8 -> 1713.92 | H77: ='4P 3PH rating '!H77*1.03 -> 2101.2 | I77: =H77*0.8 -> 1680.96 | J77: 2605 | K77: =J77*0.8 -> 2084 | L77: - | M77: - | N77: ='4P 3PH rating '!N77*1.03 -> 2415.35 | O77: =N77*0.8 -> 1932.28 | P77: ='4P 3PH rating '!P77*1.03 -> 2575 | Q77: =P77*0.8 -> 2060 | R77: ='4P 3PH rating '!R77*1.03 -> 2626.5 | S77: =R77*0.8 -> 2101.2 | T77: ='4P 3PH rating '!T77*1.03 -> 2678 | U77: =T77*0.8 -> 2142.4
A78: DG734G | B78: ='4P 3PH rating '!B78*1.03 -> 2199.05 | C78: =B78*0.8 -> 1759.24 | D78: ='4P 3PH rating '!D78*1.03 -> 2266 | E78: =D78*0.8 -> 1812.8 | F78: ='4P 3PH rating '!F78*1.03 -> 2266 | G78: =F78*0.8 -> 1812.8 | H78: ='4P 3PH rating '!H78*1.03 -> 2224.8 | I78: =H78*0.8 -> 1779.84 | J78: - | K78: - | L78: - | M78: - | N78: ='4P 3PH rating '!N78*1.03 -> 2492.6 | O78: =N78*0.8 -> 1994.08 | P78: ='4P 3PH rating '!P78*1.03 -> 2611.05 | Q78: =P78*0.8 -> 2088.84 | R78: ='4P 3PH rating '!R78*1.03 -> 2703.75 | S78: =R78*0.8 -> 2163 | T78: ='4P 3PH rating '!T78*1.03 -> 2832.5 | U78: =T78*0.8 -> 2266
A79: DG734H | B79: ='4P 3PH rating '!B79*1.03 -> 2338.1 | C79: =B79*0.8 -> 1870.48 | D79: ='4P 3PH rating '!D79*1.03 -> 2410.2 | E79: =D79*0.8 -> 1928.16 | F79: ='4P 3PH rating '!F79*1.03 -> 2410.2 | G79: =F79*0.8 -> 1928.16 | H79: ='4P 3PH rating '!H79*1.03 -> 2369 | I79: =H79*0.8 -> 1895.2 | J79: - | K79: - | L79: - | M79: - | N79: ='4P 3PH rating '!N79*1.03 -> 2600.75 | O79: =N79*0.8 -> 2080.6 | P79: ='4P 3PH rating '!P79*1.03 -> 2719.2 | Q79: =P79*0.8 -> 2175.36 | R79: ='4P 3PH rating '!R79*1.03 -> 2806.75 | S79: =R79*0.8 -> 2245.4 | T79: ='4P 3PH rating '!T79*1.03 -> 2914.9 | U79: =T79*0.8 -> 2331.92
A82: Notes：
A83: 1. DG634C has no W11 option
A84: 2. DGK-foluted fan
A85: 3. The above rating is based on 40 degree C ambient and 150K temperature rising below 1000 meters altitude above sea.
A86: 4. DG734B～H has only W12 option

Sheet 4P 3PH 163K
A1: Dingol Generator Rating Table (4-pole 3-phase rating)
A2: Model | B2: Three Phase 50Hz 1500RPM | J2: Three Phase 60Hz 1800RPM
A3: Power Factor | B3: 0.8 | D3: 0.8 | F3: 0.8 | H3: 0.8 | J3: 0.8 | L3: 0.8 | N3: 0.8 | P3: 0.8 | R3: 0.8 | T3: 0.8
A4: Volts
A5: Star(W12&W13) | B5: 380 | D5: 400 | F5: 415 | H5: 440 | J5: 380-416 | N5: 416 | P5: 440 | R5: 460 | T5: 480
A6: Delta(W12&W13) | B6: 220 | D6: 230 | F6: 240 | H6: 254 | J6: 220-240 | N6: 240 | P6: 254 | R6: 266 | T6: 277
A7: Series Star(W11&W14) | B7: 380 | D7: 400 | F7: 415 | H7: 440 | J7: - | L7: 380-416 | N7: 416 | P7: 440 | R7: 460 | T7: 480
A8: Parallel Star(W11&W14) | B8: 190 | D8: 200 | F8: 208 | H8: 220 | J8: - | L8: 190-208 | N8: 208 | P8: 220 | R8: 230 | T8: 240
A9: Series Delta | B9: 220 | D9: 230 | F9: 240 | H9: 254 | J9: - | L9: 220-240 | N9: 240 | P9: 254 | R9: 266 | T9: 277
A10: Parallel delta | B10: =B9/2 -> 110 | D10: =D9/2 -> 115 | F10: =F9/2 -> 120 | H10: =H9/2 -> 127 | L10: 110-120 | N10: =N9/2 -> 120 | P10: =P9/2 -> 127 | R10: =R9/2 -> 133 | T10: =T9/2 -> 138.5
A11: Winding No. | B11: 11 | D11: 11 | F11: 11 | H11: 11 | J11: 13 | L11: 14 | N11: 11 | P11: 11 | R11: 11 | T11: 11
A12: Rating | B12: KVA | C12: KW | D12: KVA | E12: KW | F12: KVA | G12: KW | H12: KVA | I12: KW | J12: KVA | K12: KW | L12: KVA | M12: KW | N12: KVA | O12: KW | P12: KVA | Q12: KW | R12: KVA | S12: KW | T12: KVA | U12: KW
A13: DG164A | B13: - | C13: - | D13: - | E13: - | F13: - | G13: - | H13: - | I13: - | L13: - | M13: - | N13: - | O13: - | P13: - | Q13: - | R13: - | S13: - | T13: - | U13: -
A14: DG164B | B14: - | C14: - | D14: - | E14: - | F14: - | G14: - | H14: - | I14: - | L14: - | M14: - | N14: - | O14: - | P14: - | Q14: - | R14: - | S14: - | T14: - | U14: -
A15: DG164C | B15: - | C15: - | D15: - | E15: - | F15: - | G15: - | H15: - | I15: - | L15: - | M15: - | N15: - | O15: - | P15: - | Q15: - | R15: - | S15: - | T15: - | U15: -
A16: DG164D | B16: - | C16: - | D16: - | E16: - | F16: - | G16: - | H16: - | I16: - | L16: - | M16: - | N16: - | O16: - | P16: - | Q16: - | R16: - | S16: - | T16: - | U16: -
A18: DG184ES | B18: - | C18: - | D18: - | E18: - | F18: - | G18: - | H18: - | I18: - | L18: - | M18: - | N18: - | O18: - | P18: - | Q18: - | R18: - | S18: - | T18: - | U18: -
A19: DG184E | B19: - | C19: - | D19: - | E19: - | F19: - | G19: - | H19: - | I19: - | L19: - | M19: - | N19: - | O19: - | P19: - | Q19: - | R19: - | S19: - | T19: - | U19: -
A20: DG184F | B20: 30 | C20: =B20*0.8 -> 24 | D20: 30 | E20: =D20*0.8 -> 24 | F20: 30 | G20: =F20*0.8 -> 24 | H20: 24.5 | I20: =H20*0.8 -> 19.6 | J20: - | K20: - | L20: ='4P 3PH rating '!L20*1.05 -> 34.125 | M20: ='4P 3PH rating '!M20*1.05 -> 27.3 | N20: 34.4 | O20: =N20*0.8 -> 27.52 | P20: 35.6 | Q20: =P20*0.8 -> 28.48 | R20: 35.6 | S20: =Q20*0.8 -> 22.784 | T20: 38.8 | U20: =T20*0.8 -> 31.04
A21: DG184G | B21: 33 | C21: =B21*0.8 -> 26.4 | D21: 33 | E21: =D21*0.8 -> 26.4 | F21: 33 | G21: =F21*0.8 -> 26.4 | H21: 29 | I21: =H21*0.8 -> 23.2 | J21: - | K21: - | L21: ='4P 3PH rating '!L21*1.05 -> 39.375 | M21: ='4P 3PH rating '!M21*1.05 -> 31.5 | N21: 36.9 | O21: =N21*0.8 -> 29.52 | P21: 40 | Q21: =P21*0.8 -> 32 | R21: 40 | S21: =Q21*0.8 -> 25.6 | T21: 40 | U21: =T21*0.8 -> 32
A22: DG184H | B22: 40 | C22: =B22*0.8 -> 32 | D22: 40 | E22: =D22*0.8 -> 32 | F22: 40 | G22: =F22*0.8 -> 32 | H22: 34.7 | I22: =H22*0.8 -> 27.76 | J22: - | K22: - | L22: ='4P 3PH rating '!L22*1.05 -> 45.675 | M22: ='4P 3PH rating '!M22*1.05 -> 36.54 | N22: 47.3 | O22: =N22*0.8 -> 37.84 | P22: 50 | Q22: =P22*0.8 -> 40 | R22: 50 | S22: =Q22*0.8 -> 32 | T22: 50 | U22: =T22*0.8 -> 40
A23: DG184J | B23: 42.5 | C23: =B23*0.8 -> 34 | D23: 45 | E23: =D23*0.8 -> 36 | F23: 42.5 | G23: =F23*0.8 -> 34 | H23: 37.2 | I23: =H23*0.8 -> 29.76 | J23: - | K23: - | L23: ='4P 3PH rating '!L23*1.05 -> 49.875 | M23: ='4P 3PH rating '!M23*1.05 -> 39.9 | N23: 50.6 | O23: =N23*0.8 -> 40.48 | P23: 53.5 | Q23: =P23*0.8 -> 42.8 | R23: 53.5 | S23: =Q23*0.8 -> 34.24 | T23: 53.5 | U23: =T23*0.8 -> 42.8
A25: DG224C | B25: 46.8 | C25: =B25*0.8 -> 37.44 | D25: 46.8 | E25: =D25*0.8 -> 37.44 | F25: 46.8 | G25: =F25*0.8 -> 37.44 | H25: 33 | I25: =H25*0.8 -> 26.4 | J25: - | K25: - | L25: 60 | M25: =L25*0.8 -> 48 | N25: 55 | O25: =N25*0.8 -> 44 | P25: 56.3 | Q25: =P25*0.8 -> 45.04 | R25: 56.3 | S25: =R25*0.8 -> 45.04 | T25: 60 | U25: =T25*0.8 -> 48
A26: DG224D | B26: 55 | C26: =B26*0.8 -> 44 | D26: 55 | E26: =D26*0.8 -> 44 | F26: 55 | G26: =F26*0.8 -> 44 | H26: 41.2 | I26: =H26*0.8 -> 32.96 | J26: - | K26: - | L26: 66.3 | M26: =L26*0.8 -> 53.04 | N26: 65 | O26: =N26*0.8 -> 52 | P26: 66.3 | Q26: =P26*0.8 -> 53.04 | R26: 66.3 | S26: =R26*0.8 -> 53.04 | T26: 71.3 | U26: =T26*0.8 -> 57.04
A27: DG224E | B27: 63 | C27: =B27*0.8 -> 50.4 | D27: 63 | E27: =D27*0.8 -> 50.4 | F27: 63 | G27: =F27*0.8 -> 50.4 | H27: 47.3 | I27: =H27*0.8 -> 37.84 | J27: - | K27: - | L27: 75 | M27: =L27*0.8 -> 60 | N27: 72.5 | O27: =N27*0.8 -> 58 | P27: 75 | Q27: =P27*0.8 -> 60 | R27: 75 | S27: =R27*0.8 -> 60 | T27: 80 | U27: =T27*0.8 -> 64
A28: DG224F | B28: 80 | C28: =B28*0.8 -> 64 | D28: 80 | E28: =D28*0.8 -> 64 | F28: 80 | G28: =F28*0.8 -> 64 | H28: 60.4 | I28: =H28*0.8 -> 48.32 | J28: - | K28: - | L28: 92 | M28: =L28*0.8 -> 73.6 | N28: 91.9 | O28: =N28*0.8 -> 73.52 | P28: 95 | Q28: =P28*0.8 -> 76 | R28: 95 | S28: =R28*0.8 -> 76 | T28: 102.5 | U28: =T28*0.8 -> 82
A29: DG224G | B29: 90.8 | C29: =B29*0.8 -> 72.64 | D29: 90.8 | E29: =D29*0.8 -> 72.64 | F29: 90.8 | G29: =F29*0.8 -> 72.64 | H29: 80.1 | I29: =H29*0.8 -> 64.08 | J29: - | K29: - | L29: 106.3 | M29: =L29*0.8 -> 85.04 | N29: 101.3 | O29: =N29*0.8 -> 81.04 | P29: 106.3 | Q29: =P29*0.8 -> 85.04 | R29: 106.3 | S29: =R29*0.8 -> 85.04 | T29: 113.8 | U29: =T29*0.8 -> 91.04
A31: DG274C | B31: 110 | C31: =B31*0.8 -> 88 | D31: 110 | E31: =D31*0.8 -> 88 | F31: 110 | G31: =F31*0.8 -> 88 | H31: - | I31: - | J31: - | K31: - | L31: 132 | M31: =L31*0.8 -> 105.6 | N31: 120 | O31: =N31*0.8 -> 96 | P31: 127.5 | Q31: =P31*0.8 -> 102 | R31: 127.5 | S31: =R31*0.8 -> 102 | T31: 137.5 | U31: =T31*0.8 -> 110
A32: DG274D | B32: =C32/0.8 -> 132.5 | C32: 106 | D32: =E32/0.8 -> 132.5 | E32: 106 | F32: =G32/0.8 -> 132.5 | G32: 106 | H32: - | I32: - | J32: - | K32: - | L32: 150 | M32: =L32*0.8 -> 120 | N32: 150 | O32: =N32*0.8 -> 120 | P32: 160 | Q32: =P32*0.8 -> 128 | R32: 160 | S32: =R32*0.8 -> 128 | T32: 160 | U32: =T32*0.8 -> 128
A33: DG274E | B33: 150 | C33: =B33*0.8 -> 120 | D33: 150 | E33: =D33*0.8 -> 120 | F33: 150 | G33: =F33*0.8 -> 120 | H33: - | I33: - | J33: - | K33: - | L33: 175 | M33: =L33*0.8 -> 140 | N33: 175 | O33: =N33*0.8 -> 140 | P33: 181.3 | Q33: =P33*0.8 -> 145.04 | R33: 181.3 | S33: =R33*0.8 -> 145.04 | T33: 193.8 | U33: =T33*0.8 -> 155.04
A34: DG274EL | B34: ='4P 3PH rating '!B34*1.05 -> 157.5 | C34: ='4P 3PH rating '!C34*1.05 -> 126 | D34: ='4P 3PH rating '!D34*1.05 -> 157.5 | E34: ='4P 3PH rating '!E34*1.05 -> 126 | F34: ='4P 3PH rating '!F34*1.05 -> 157.5 | G34: ='4P 3PH rating '!G34*1.05 -> 126 | J34: - | K34: - | O34: =N34*0.8 -> 0 | Q34: =P34*0.8 -> 0 | S34: =R34*0.8 -> 0 | U34: =T34*0.8 -> 0
A35: DG274F | B35: 175 | C35: =B35*0.8 -> 140 | D35: 175 | E35: =D35*0.8 -> 140 | F35: 175 | G35: =F35*0.8 -> 140 | H35: - | I35: - | J35: - | K35: - | L35: 190 | M35: =L35*0.8 -> 152 | N35: 192.5 | O35: =N35*0.8 -> 154 | P35: 206.3 | Q35: =P35*0.8 -> 165.04 | R35: 206.3 | S35: =R35*0.8 -> 165.04 | T35: 218.8 | U35: =T35*0.8 -> 175.04
A36: DG274G | B36: 194 | C36: =B36*0.8 -> 155.2 | D36: 194 | E36: =D36*0.8 -> 155.2 | F36: 194 | G36: =F36*0.8 -> 155.2 | H36: - | I36: - | J36: - | K36: - | L36: 212.5 | M36: =L36*0.8 -> 170 | N36: 218.5 | O36: =N36*0.8 -> 174.8 | P36: 234 | Q36: =P36*0.8 -> 187.2 | R36: 234 | S36: =R36*0.8 -> 187.2 | T36: 253.3 | U36: =T36*0.8 -> 202.64
A37: DG274H | B37: 220 | C37: =B37*0.8 -> 176 | D37: 220 | E37: =D37*0.8 -> 176 | F37: 220 | G37: =F37*0.8 -> 176 | H37: - | I37: - | J37: - | K37: - | L37: 256.3 | M37: =L37*0.8 -> 205.04 | N37: 256.3 | O37: =N37*0.8 -> 205.04 | P37: 265 | Q37: =P37*0.8 -> 212 | R37: 265 | S37: =R37*0.8 -> 212 | T37: 280 | U37: =T37*0.8 -> 224
A38: DG274J | B38: 260 | C38: =B38*0.8 -> 208 | D38: 260 | E38: =D38*0.8 -> 208 | F38: 260 | G38: =F38*0.8 -> 208 | H38: - | I38: - | J38: - | K38: - | L38: 300 | M38: =L38*0.8 -> 240 | N38: 294 | O38: =N38*0.8 -> 235.2 | P38: 306 | Q38: =P38*0.8 -> 244.8 | R38: 319 | S38: =R38*0.8 -> 255.2 | T38: 325 | U38: =T38*0.8 -> 260
A39: DG274K | B39: 275 | C39: =B39*0.8 -> 220 | D39: 275 | E39: =D39*0.8 -> 220 | F39: 275 | G39: =F39*0.8 -> 220 | H39: - | I39: - | J39: - | K39: - | L39: 325 | M39: =L39*0.8 -> 260 | N39: 312 | O39: =N39*0.8 -> 249.6 | P39: 320 | Q39: =P39*0.8 -> 256 | R39: 343.8 | S39: =R39*0.8 -> 275.04 | T39: 343.8 | U39: =T39*0.8 -> 275.04
A41: DG444C | B41: 268 | C41: =B41*0.8 -> 214.4 | D41: 268 | E41: =D41*0.8 -> 214.4 | F41: 268 | G41: =F41*0.8 -> 214.4 | H41: 268 | I41: =H41*0.8 -> 214.4 | J41: 330 | K41: =J41*0.8 -> 264 | L41: 330 | M41: =L41*0.8 -> 264 | N41: 313 | O41: =N41*0.8 -> 250.4 | P41: 325 | Q41: =P41*0.8 -> 260 | R41: 331 | S41: =R41*0.8 -> 264.8 | T41: 344 | U41: =T41*0.8 -> 275.2
A42: DG444D | B42: 324 | C42: =B42*0.8 -> 259.2 | D42: 324 | E42: =D42*0.8 -> 259.2 | F42: 324 | G42: =F42*0.8 -> 259.2 | H42: 305 | I42: =H42*0.8 -> 244 | J42: 380 | K42: =J42*0.8 -> 304 | L42: 380 | M42: =L42*0.8 -> 304 | N42: 363 | O42: =N42*0.8 -> 290.4 | P42: 383 | Q42: =P42*0.8 -> 306.4 | R42: 398 | S42: =R42*0.8 -> 318.4 | T42: 413 | U42: =T42*0.8 -> 330.4
A43: DGK444D | B43: 330 | C43: =B43*0.8 -> 264 | D43: 330 | E43: =D43*0.8 -> 264 | F43: 330 | G43: =F43*0.8 -> 264 | H43: 320 | I43: =H43*0.8 -> 256 | J43: 385 | K43: =J43*0.8 -> 308 | L43: 385 | M43: =L43*0.8 -> 308 | N43: 374 | O43: =N43*0.8 -> 299.2 | P43: 396 | Q43: =P43*0.8 -> 316.8 | R43: 413 | S43: =R43*0.8 -> 330.4 | T43: 413 | U43: =T43*0.8 -> 330.4
A44: DG444E | B44: 358 | C44: =B44*0.8 -> 286.4 | D44: 358 | E44: =D44*0.8 -> 286.4 | F44: 358 | G44: =F44*0.8 -> 286.4 | H44: 358 | I44: =H44*0.8 -> 286.4 | J44: - | K44: - | L44: - | M44: - | N44: 419 | O44: =N44*0.8 -> 335.2 | P44: 431 | Q44: =P44*0.8 -> 344.8 | R44: 444 | S44: =R44*0.8 -> 355.2 | T44: 456 | U44: =T44*0.8 -> 364.8
A45: DGK444E | B45: 375 | C45: =B45*0.8 -> 300 | D45: 375 | E45: =D45*0.8 -> 300 | F45: 375 | G45: =F45*0.8 -> 300 | H45: 375 | I45: =H45*0.8 -> 300 | J45: - | K45: - | L45: - | M45: - | N45: 432 | O45: =N45*0.8 -> 345.6 | P45: 456 | Q45: =P45*0.8 -> 364.8 | R45: 475 | S45: =R45*0.8 -> 380 | T45: 475 | U45: =T45*0.8 -> 380
A46: DG444F | B46: 404 | C46: =B46*0.8 -> 323.2 | D46: 404 | E46: =D46*0.8 -> 323.2 | F46: 404 | G46: =F46*0.8 -> 323.2 | H46: 404 | I46: =H46*0.8 -> 323.2 | J46: 519 | K46: =J46*0.8 -> 415.2 | L46: - | M46: - | N46: 488 | O46: =N46*0.8 -> 390.4 | P46: 500 | Q46: =P46*0.8 -> 400 | R46: 506 | S46: =R46*0.8 -> 404.8 | T46: 519 | U46: =T46*0.8 -> 415.2
A47: DGK444F | B47: 425 | C47: =B47*0.8 -> 340 | D47: 425 | E47: =D47*0.8 -> 340 | F47: 425 | G47: =F47*0.8 -> 340 | H47: 425 | I47: =H47*0.8 -> 340 | J47: 550 | K47: =J47*0.8 -> 440 | L47: - | M47: - | N47: 500 | O47: =N47*0.8 -> 400 | P47: 528 | Q47: =P47*0.8 -> 422.4 | R47: 550 | S47: =R47*0.8 -> 440 | T47: 550 | U47: =T47*0.8 -> 440
A49: DG544C | B49: 495 | C49: =B49*0.8 -> 396 | D49: 495 | E49: =D49*0.8 -> 396 | F49: 495 | G49: =F49*0.8 -> 396 | H49: 495 | I49: =H49*0.8 -> 396 | J49: 540 | K49: =J49*0.8 -> 432 | L49: 540 | M49: =L49*0.8 -> 432 | N49: 569 | O49: =N49*0.8 -> 455.2 | P49: 600 | Q49: =P49*0.8 -> 480 | R49: 631 | S49: =R49*0.8 -> 504.8 | T49: 644 | U49: =T49*0.8 -> 515.2
A50: DG544D | B50: 530 | C50: =B50*0.8 -> 424 | D50: 530 | E50: =D50*0.8 -> 424 | F50: 530 | G50: =F50*0.8 -> 424 | H50: 530 | I50: =H50*0.8 -> 424 | J50: 673 | K50: =J50*0.8 -> 538.4 | L50: 673 | M50: =L50*0.8 -> 538.4 | N50: 606 | O50: =N50*0.8 -> 484.8 | P50: 644 | Q50: =P50*0.8 -> 515.2 | R50: 673 | S50: =R50*0.8 -> 538.4 | T50: 694 | U50: =T50*0.8 -> 555.2
A51: DG544ES | B51: 600 | C51: =B51*0.8 -> 480 | D51: 600 | E51: =D51*0.8 -> 480 | F51: 600 | G51: =F51*0.8 -> 480 | H51: 600 | I51: =H51*0.8 -> 480 | J51: 700 | K51: =J51*0.8 -> 560 | L51: 700 | M51: =L51*0.8 -> 560 | N51: 688 | O51: =N51*0.8 -> 550.4 | P51: 720 | Q51: =P51*0.8 -> 576 | R51: 740 | S51: =R51*0.8 -> 592 | T51: 760 | U51: =T51*0.8 -> 608
A52: DG544E | B52: 660 | C52: =B52*0.8 -> 528 | D52: 660 | E52: =D52*0.8 -> 528 | F52: 660 | G52: =F52*0.8 -> 528 | H52: 660 | I52: =H52*0.8 -> 528 | J52: 730 | K52: =J52*0.8 -> 584 | L52: 730 | M52: =L52*0.8 -> 584 | N52: 738 | O52: =N52*0.8 -> 590.4 | P52: 769 | Q52: =P52*0.8 -> 615.2 | R52: 798 | S52: =R52*0.8 -> 638.4 | T52: 819 | U52: =T52*0.8 -> 655.2
A53: DG544EL | B53: 675 | C53: =B53*0.8 -> 540 | D53: 675 | E53: =D53*0.8 -> 540 | F53: 675 | G53: =F53*0.8 -> 540 | H53: 675 | I53: =H53*0.8 -> 540 | J53: 750 | K53: =J53*0.8 -> 600 | L53: 750 | M53: =L53*0.8 -> 600 | N53: 750 | O53: =N53*0.8 -> 600 | P53: 780 | Q53: =P53*0.8 -> 624 | R53: 813 | S53: =R53*0.8 -> 650.4 | T53: 830 | U53: =T53*0.8 -> 664
A54: DG544F | B54: 738 | C54: =B54*0.8 -> 590.4 | D54: 738 | E54: =D54*0.8 -> 590.4 | F54: 738 | G54: =F54*0.8 -> 590.4 | H54: 715 | I54: =H54*0.8 -> 572 | J54: 906 | K54: =J54*0.8 -> 724.8 | L54: 906 | M54: =L54*0.8 -> 724.8 | N54: 850 | O54: =N54*0.8 -> 680 | P54: 900 | Q54: =P54*0.8 -> 720 | R54: 938 | S54: =R54*0.8 -> 750.4 | T54: 906 | U54: =T54*0.8 -> 724.8
A56: Model | B56: Three Phase 50Hz 1500RPM | J56: Three Phase 60Hz 1800RPM
A57: Power Factor | B57: 0.8 | D57: 0.8 | F57: 0.8 | H57: 0.8 | J57: 0.8 | L57: 0.8 | N57: 0.8 | P57: 0.8 | R57: 0.8 | T57: 0.8
A58: Volts
A59: Star(W12&W13) | B59: 380 | D59: 400 | F59: 415 | H59: 440 | J59: 380-416 | N59: 416 | P59: 440 | R59: 460 | T59: 480
A60: Delta(W12&W13) | B60: 220 | D60: 230 | F60: 240 | H60: 254 | J60: 220-240 | N60: 240 | P60: 254 | R60: 266 | T60: 277
A61: Series Star(W11&W14) | B61: 380 | D61: 400 | F61: 415 | H61: 440 | J61: - | L61: 380-416 | N61: 416 | P61: 440 | R61: 460 | T61: 480
A62: Parallel Star(W11&W14) | B62: 190 | D62: 200 | F62: 208 | H62: 220 | J62: - | L62: 190-208 | N62: 208 | P62: 220 | R62: 230 | T62: 240
A63: Series Delta | B63: 220 | D63: 230 | F63: 240 | H63: 254 | J63: - | L63: 220-240 | N63: 240 | P63: 254 | R63: 266 | T63: 277
A64: Winding No. | B64: 11/12 | D64: 11/12 | F64: 11/12 | H64: 11/12 | J64: 13 | L64: 14 | N64: 11/12 | P64: 11/12 | R64: 11/12 | T64: 11/12
A65: Rating | B65: KVA | C65: KW | D65: KVA | E65: KW | F65: KVA | G65: KW | H65: KVA | I65: KW | J65: KVA | K65: KW | L65: KVA | M65: KW | N65: KVA | O65: KW | P65: KVA | Q65: KW | R65: KVA | S65: KW | T65: KVA | U65: KW
A66: DG634B | B66: ='4P 3PH rating '!B66*1.05 -> 745.5 | C66: ='4P 3PH rating '!C66*1.05 -> 596.4 | D66: ='4P 3PH rating '!D66*1.05 -> 787.5 | E66: ='4P 3PH rating '!E66*1.05 -> 630 | F66: ='4P 3PH rating '!F66*1.05 -> 787.5 | G66: ='4P 3PH rating '!G66*1.05 -> 630 | H66: ='4P 3PH rating '!H66*1.05 -> 714 | I66: ='4P 3PH rating '!I66*1.05 -> 571.2 | ... U66: ='4P 3PH rating '!U66*1.05 -> 787.92
A67: DG634C1 | B67: ='4P 3PH rating '!B67*1.05 -> 798 | C67: ='4P 3PH rating '!C67*1.05 -> 638.4 | D67: ='4P 3PH rating '!D67*1.05 -> 840 | E67: ='4P 3PH rating '!E67*1.05 -> 672 | F67: ='4P 3PH rating '!F67*1.05 -> 840 | G67: ='4P 3PH rating '!G67*1.05 -> 672 | H67: ='4P 3PH rating '!H67*1.05 -> 761.25 | I67: ='4P 3PH rating '!I67*1.05 -> 609 | J67: - | K67: - | L67: - | M67: - | N67: ='4P 3PH rating '!N67*1.05 -> 908.25 | O67: ='4P 3PH rating '!O67*1.05 -> 726.6 | P67: ='4P 3PH rating '!P67*1.05 -> 961.8 | Q67: ='4P 3PH rating '!Q67*1.05 -> 769.44 | R67: ='4P 3PH rating '!R67*1.05 -> 1005.9 | S67: ='4P 3PH rating '!S67*1.05 -> 804.72 | T67: ='4P 3PH rating '!T67*1.05 -> 1050 | U67: ='4P 3PH rating '!U67*1.05 -> 840
A68: DG634D | B68: ='4P 3PH rating '!B68*1.05 -> 908.25 | C68: ='4P 3PH rating '!C68*1.05 -> 726.6 | D68: ='4P 3PH rating '!D68*1.05 -> 955.5 | E68: ='4P 3PH rating '!E68*1.05 -> 764.4 | F68: ='4P 3PH rating '!F68*1.05 -> 955.5 | G68: ='4P 3PH rating '!G68*1.05 -> 764.4 | H68: ='4P 3PH rating '!H68*1.05 -> 866.25 | I68: ='4P 3PH rating '!I68*1.05 -> 693 | ... U68: ='4P 3PH rating '!U68*1.05 -> 955.92
A69: DG634E | B69: ='4P 3PH rating '!B69*1.05 -> 997.5 | C69: ='4P 3PH rating '!C69*1.05 -> 798 | D69: ='4P 3PH rating '!D69*1.05 -> 1050 | E69: ='4P 3PH rating '!E69*1.05 -> 840 | F69: ='4P 3PH rating '!F69*1.05 -> 1050 | G69: ='4P 3PH rating '!G69*1.05 -> 840 | H69: ='4P 3PH rating '!H69*1.05 -> 955.5 | I69: ='4P 3PH rating '!I69*1.05 -> 764.4 | ... U69: ='4P 3PH rating '!U69*1.05 -> 1050
A70: DG634F | B70: ='4P 3PH rating '!B70*1.05 -> 1144.5 | C70: ='4P 3PH rating '!C70*1.05 -> 915.6 | D70: ='4P 3PH rating '!D70*1.05 -> 1186.5 | E70: ='4P 3PH rating '!E70*1.05 -> 949.2 | F70: ='4P 3PH rating '!F70*1.05 -> 1186.5 | G70: ='4P 3PH rating '!G70*1.05 -> 949.2 | H70: ='4P 3PH rating '!H70*1.05 -> 1076.25 | I70: ='4P 3PH rating '!I70*1.05 -> 861 | ... U70: ='4P 3PH rating '!U70*1.05 -> 1167.6
A71: DG634G | B71: ='4P 3PH rating '!B71*1.05 -> 1249.5 | C71: ='4P 3PH rating '!C71*1.05 -> 999.6 | D71: ='4P 3PH rating '!D71*1.05 -> 1312.5 | E71: ='4P 3PH rating '!E71*1.05 -> 1050 | F71: ='4P 3PH rating '!F71*1.05 -> 1312.5 | G71: ='4P 3PH rating '!G71*1.05 -> 1050 | H71: ='4P 3PH rating '!H71*1.05 -> 1191.75 | I71: ='4P 3PH rating '!I71*1.05 -> 953.4 | ... K71: ='4P 3PH rating '!K71*1.05 -> 1260 | L71: - | M71: - | N71: ='4P 3PH rating '!N71*1.05 -> 1375.5 | O71: ='4P 3PH rating '!O71*1.05 -> 1100.4 | P71: ='4P 3PH rating '!P71*1.05 -> 1455.3 | Q71: ='4P 3PH rating '!Q71*1.05 -> 1164.24 | R71: ='4P 3PH rating '!R71*1.05 -> 1521.45 | S71: ='4P 3PH rating '!S71*1.05 -> 1217.16 | T71: ='4P 3PH rating '!T71*1.05 -> 1588.65 | U71: ='4P 3PH rating '!U71*1.05 -> 1270.92
A73: DG734B | B73: ='4P 3PH rating '!B73*1.05 -> 1428 | C73: ='4P 3PH rating '!C73*1.05 -> 1142.4 | D73: ='4P 3PH rating '!D73*1.05 -> 1470 | E73: ='4P 3PH rating '!E73*1.05 -> 1176 | F73: ='4P 3PH rating '!F73*1.05 -> 1470 | G73: ='4P 3PH rating '!G73*1.05 -> 1176 | H73: ='4P 3PH rating '!H73*1.05 -> 1443.75 | I73: ='4P 3PH rating '!I73*1.05 -> 1155 | ... K73: ='4P 3PH rating '!K73*1.05 -> 1310.4 | L73: - | M73: - | N73: ='4P 3PH rating '!N73*1.05 -> 1601.25 | O73: ='4P 3PH rating '!O73*1.05 -> 1281 | P73: ='4P 3PH rating '!P73*1.05 -> 1706.25 | Q73: ='4P 3PH rating '!Q73*1.05 -> 1365 | R73: ='4P 3PH rating '!R73*1.05 -> 1737.75 | S73: ='4P 3PH rating '!S73*1.05 -> 1390.2 | T73: ='4P 3PH rating '!T73*1.05 -> 1774.5 | U73: ='4P 3PH rating '!U73*1.05 -> 1419.6
A74: DG734C | B74: ='4P 3PH rating '!B74*1.05 -> 1580.25 | C74: ='4P 3PH rating '!C74*1.05 -> 1264.2 | D74: ='4P 3PH rating '!D74*1.05 -> 1627.5 | E74: ='4P 3PH rating '!E74*1.05 -> 1302 | F74: ='4P 3PH rating '!F74*1.05 -> 1627.5 | G74: ='4P 3PH rating '!G74*1.05 -> 1302 | H74: ='4P 3PH rating '!H74*1.05 -> 1596 | I74: ='4P 3PH rating '!I74*1.05 -> 1276.8 | ... K74: ='4P 3PH rating '!K74*1.05 -> 1486.8 | L74: - | M74: - | N74: ='4P 3PH rating '!N74*1.05 -> 1790.25 | O74: ='4P 3PH rating '!O74*1.05 -> 1432.2 | P74: ='4P 3PH rating '!P74*1.05 -> 1905.75 | Q74: ='4P 3PH rating '!Q74*1.05 -> 1524.6 | R74: ='4P 3PH rating '!R74*1.05 -> 1947.75 | S74: ='4P 3PH rating '!S74*1.05 -> 1558.2 | T74: ='4P 3PH rating '!T74*1.05 -> 1984.5 | U74: ='4P 3PH rating '!U74*1.05 -> 1587.6
A75: DG734D | B75: ='4P 3PH rating '!B75*1.05 -> 1695.75 | C75: ='4P 3PH rating '!C75*1.05 -> 1356.6 | D75: ='4P 3PH rating '!D75*1.05 -> 1732.5 | E75: ='4P 3PH rating '!E75*1.05 -> 1386 | F75: ='4P 3PH rating '!F75*1.05 -> 1732.5 | G75: ='4P 3PH rating '!G75*1.05 -> 1386 | H75: ='4P 3PH rating '!H75*1.05 -> 1701 | I75: ='4P 3PH rating '!I75*1.05 -> 1360.8 | ... K75: ='4P 3PH rating '!K75*1.05 -> 1608.6 | L75: - | M75: - | N75: ='4P 3PH rating '!N75*1.05 -> 1905.75 | O75: ='4P 3PH rating '!O75*1.05 -> 1524.6 | P75: ='4P 3PH rating '!P75*1.05 -> 2031.75 | Q75: ='4P 3PH rating '!Q75*1.05 -> 1625.4 | R75: ='4P 3PH rating '!R75*1.05 -> 2073.75 | S75: ='4P 3PH rating '!S75*1.05 -> 1659 | T75: ='4P 3PH rating '!T75*1.05 -> 2115.75 | U75: ='4P 3PH rating '!U75*1.05 -> 1692.6
A76: DG734E | B76: ='4P 3PH rating '!B76*1.05 -> 1937.25 | C76: ='4P 3PH rating '!C76*1.05 -> 1549.8 | D76: ='4P 3PH rating '!D76*1.05 -> 1995 | E76: ='4P 3PH rating '!E76*1.05 -> 1596 | F76: ='4P 3PH rating '!F76*1.05 -> 1995 | G76: ='4P 3PH rating '!G76*1.05 -> 1596 | H76: ='4P 3PH rating '!H76*1.05 -> 1958.25 | I76: ='4P 3PH rating '!I76*1.05 -> 1566.6 | J76: - | K76: - | L76: - | M76: - | N76: ='4P 3PH rating '!N76*1.05 -> 2173.5 | O76: ='4P 3PH rating '!O76*1.05 -> 1738.8 | P76: ='4P 3PH rating '!P76*1.05 -> 2320.5 | Q76: ='4P 3PH rating '!Q76*1.05 -> 1856.4 | R76: ='4P 3PH rating '!R76*1.05 -> 2362.5 | S76: ='4P 3PH rating '!S76*1.05 -> 1890 | T76: ='4P 3PH rating '!T76*1.05 -> 2415 | U76: ='4P 3PH rating '!U76*1.05 -> 1932
A77: DG734F | B77: ='4P 3PH rating '!B77*1.05 -> 2121 | C77: ='4P 3PH rating '!C77*1.05 -> 1696.8 | D77: ='4P 3PH rating '!D77*1.05 -> 2184 | E77: ='4P 3PH rating '!E77*1.05 -> 1747.2 | F77: ='4P 3PH rating '!F77*1.05 -> 2184 | G77: ='4P 3PH rating '!G77*1.05 -> 1747.2 | H77: ='4P 3PH rating '!H77*1.05 -> 2142 | I77: ='4P 3PH rating '!I77*1.05 -> 1713.6 | ... K77: ='4P 3PH rating '!K77*1.05 -> 2100 | L77: - | M77: - | N77: ='4P 3PH rating '!N77*1.05 -> 2462.25 | O77: ='4P 3PH rating '!O77*1.05 -> 1969.8 | P77: ='4P 3PH rating '!P77*1.05 -> 2625 | Q77: ='4P 3PH rating '!Q77*1.05 -> 2100 | R77: ='4P 3PH rating '!R77*1.05 -> 2677.5 | S77: ='4P 3PH rating '!S77*1.05 -> 2142 | T77: ='4P 3PH rating '!T77*1.05 -> 2730 | U77: ='4P 3PH rating '!U77*1.05 -> 2184
A78: DG734G | B78: ='4P 3PH rating '!B78*1.05 -> 2241.75 | C78: ='4P 3PH rating '!C78*1.05 -> 1793.4 | D78: ='4P 3PH rating '!D78*1.05 -> 2310 | E78: ='4P 3PH rating '!E78*1.05 -> 1848 | F78: ='4P 3PH rating '!F78*1.05 -> 2310 | G78: ='4P 3PH rating '!G78*1.05 -> 1848 | H78: ='4P 3PH rating '!H78*1.05 -> 2268 | I78: ='4P 3PH rating '!I78*1.05 -> 1814.4 | J78: - | K78: - | L78: - | M78: - | N78: ='4P 3PH rating '!N78*1.05 -> 2541 | O78: ='4P 3PH rating '!O78*1.05 -> 2032.8 | P78: ='4P 3PH rating '!P78*1.05 -> 2661.75 | Q78: ='4P 3PH rating '!Q78*1.05 -> 2129.4 | R78: ='4P 3PH rating '!R78*1.05 -> 2756.25 | S78: ='4P 3PH rating '!S78*1.05 -> 2205 | T78: ='4P 3PH rating '!T78*1.05 -> 2887.5 | U78: ='4P 3PH rating '!U78*1.05 -> 2310
A79: DG734H | B79: ='4P 3PH rating '!B79*1.05 -> 2383.5 | C79: ='4P 3PH rating '!C79*1.05 -> 1906.8 | D79: ='4P 3PH rating '!D79*1.05 -> 2457 | E79: ='4P 3PH rating '!E79*1.05 -> 1965.6 | F79: ='4P 3PH rating '!F79*1.05 -> 2457 | G79: ='4P 3PH rating '!G79*1.05 -> 1965.6 | H79: ='4P 3PH rating '!H79*1.05 -> 2415 | I79: ='4P 3PH rating '!I79*1.05 -> 1932 | J79: - | K79: - | L79: - | M79: - | N79: ='4P 3PH rating '!N79*1.05 -> 2651.25 | O79: ='4P 3PH rating '!O79*1.05 -> 2121 | P79: ='4P 3PH rating '!P79*1.05 -> 2772 | Q79: ='4P 3PH rating '!Q79*1.05 -> 2217.6 | R79: ='4P 3PH rating '!R79*1.05 -> 2861.25 | S79: ='4P 3PH rating '!S79*1.05 -> 2289 | T79: ='4P 3PH rating '!T79*1.05 -> 2971.5 | U79: ='4P 3PH rating '!U79*1.05 -> 2377.2
A82: Notes：
A83: 1. DG634C has no W11 option
A84: 2. DGK-foluted fan
A85: 3. The above rating is based on 27 degree C ambient and 163K temperature rising below 1000 meters altitude above sea.
A86: 4. DG734B～H has only W12 option

Sheet 4P 3PH 1 Hour
A1: Dingol Generator Rating Table (4-pole 3-phase rating)
A2: Model | B2: Three Phase 50Hz 1500RPM | J2: Three Phase 60Hz 1800RPM
A3: Power Factor | B3: 0.8 | D3: 0.8 | F3: 0.8 | H3: 0.8 | J3: 0.8 | L3: 0.8 | N3: 0.8 | P3: 0.8 | R3: 0.8 | T3: 0.8
A4: Volts
A5: Star(W12&W13) | B5: 380 | D5: 400 | F5: 415 | H5: 440 | J5: 380-416 | N5: 416 | P5: 440 | R5: 460 | T5: 480
A6: Delta(W12&W13) | B6: 220 | D6: 230 | F6: 240 | H6: 254 | J6: 220-240 | N6: 240 | P6: 254 | R6: 266 | T6: 277
A7: Series Star(W11&W14) | B7: 380 | D7: 400 | F7: 415 | H7: 440 | J7: - | L7: 380-416 | N7: 416 | P7: 440 | R7: 460 | T7: 480
A8: Parallel Star(W11&W14) | B8: 190 | D8: 200 | F8: 208 | H8: 220 | J8: - | L8: 190-208 | N8: 208 | P8: 220 | R8: 230 | T8: 240
A9: Series Delta | B9: 220 | D9: 230 | F9: 240 | H9: 254 | J9: - | L9: 220-240 | N9: 240 | P9: 254 | R9: 266 | T9: 277
A10: Parallel delta | B10: =B9/2 -> 110 | D10: =D9/2 -> 115 | F10: =F9/2 -> 120 | H10: =H9/2 -> 127 | L10: 110-120 | N10: =N9/2 -> 120 | P10: =P9/2 -> 127 | R10: =R9/2 -> 133 | T10: =T9/2 -> 138.5
A11: Winding No. | B11: 11 | D11: 11 | F11: 11 | H11: 11 | J11: 13 | L11: 14 | N11: 11 | P11: 11 | R11: 11 | T11: 11
A12: Rating | B12: KVA | C12: KW | D12: KVA | E12: KW | F12: KVA | G12: KW | H12: KVA | I12: KW | J12: KVA | K12: KW | L12: KVA | M12: KW | N12: KVA | O12: KW | P12: KVA | Q12: KW | R12: KVA | S12: KW | T12: KVA | U12: KW
A13: DG164A | B13: ='4P 3PH rating '!B13*1.1 -> 8.91 | C13: ='4P 3PH rating '!C13*1.1 -> 7.15 | D13: ='4P 3PH rating '!D13*1.1 -> 8.91 | E13: ='4P 3PH rating '!E13*1.1 -> 7.15 | F13: ='4P 3PH rating '!F13*1.1 -> 8.91 | G13: ='4P 3PH rating '!G13*1.1 -> 7.15 | H13: ='4P 3PH rating '!H13*1.1 -> 6.82 | I13: ='4P 3PH rating '!I13*1.1 -> 5.456 | J13: - | K13: - | L13: ='4P 3PH rating '!L13*1.1 -> 10.56 | M13: ='4P 3PH rating '!M13*1.1 -> 8.47 | N13: ='4P 3PH rating '!N13*1.1 -> 10.56 | O13: ='4P 3PH rating '!O13*1.1 -> 8.47 | P13: ='4P 3PH rating '!P13*1.1 -> 11.22 | Q13: ='4P 3PH rating '!Q13*1.1 -> 9.02 | R13: ='4P 3PH rating '!R13*1.1 -> 11.22 | S13: ='4P 3PH rating '!S13*1.1 -> 9.02 | ... U13: ='4P 3PH rating '!U13*1.1 -> 9.02
A14: DG164B | B14: ='4P 3PH rating '!B14*1.1 -> 12.1 | C14: ='4P 3PH rating '!C14*1.1 -> 9.68 | D14: ='4P 3PH rating '!D14*1.1 -> 12.1 | E14: ='4P 3PH rating '!E14*1.1 -> 9.68 | F14: ='4P 3PH rating '!F14*1.1 -> 12.1 | G14: ='4P 3PH rating '!G14*1.1 -> 9.68 | H14: ='4P 3PH rating '!H14*1.1 -> 9.24 | I14: ='4P 3PH rating '!I14*1.1 -> 7.392 | J14: - | K14: - | L14: ='4P 3PH rating '!L14*1.1 -> 14.3 | M14: ='4P 3PH rating '!M14*1.1 -> 11.44 | N14: ='4P 3PH rating '!N14*1.1 -> 14.3 | O14: ='4P 3PH rating '!O14*1.1 -> 11.44 | P14: ='4P 3PH rating '!P14*1.1 -> 15.18 | Q14: ='4P 3PH rating '!Q14*1.1 -> 12.1 | R14: ='4P 3PH rating '!R14*1.1 -> 15.18 | S14: ='4P 3PH rating '!S14*1.1 -> 12.1 | ... U14: ='4P 3PH rating '!U14*1.1 -> 12.1
A15: DG164C | B15: ='4P 3PH rating '!B15*1.1 -> 14.85 | C15: ='4P 3PH rating '!C15*1.1 -> 11.88 | D15: ='4P 3PH rating '!D15*1.1 -> 14.85 | E15: ='4P 3PH rating '!E15*1.1 -> 11.88 | F15: ='4P 3PH rating '!F15*1.1 -> 14.85 | G15: ='4P 3PH rating '!G15*1.1 -> 11.88 | H15: ='4P 3PH rating '!H15*1.1 -> 12.1 | I15: ='4P 3PH rating '!I15*1.1 -> 9.68 | J15: - | K15: - | L15: ='4P 3PH rating '!L15*1.1 -> 17.6 | M15: ='4P 3PH rating '!M15*1.1 -> 14.08 | N15: ='4P 3PH rating '!N15*1.1 -> 17.6 | O15: ='4P 3PH rating '!O15*1.1 -> 14.08 | P15: ='4P 3PH rating '!P15*1.1 -> 18.59 | Q15: ='4P 3PH rating '!Q15*1.1 -> 14.85 | R15: ='4P 3PH rating '!R15*1.1 -> 18.59 | S15: ='4P 3PH rating '!S15*1.1 -> 14.85 | ... U15: ='4P 3PH rating '!U15*1.1 -> 14.85
A16: DG164D | B16: ='4P 3PH rating '!B16*1.1 -> 17.6 | C16: ='4P 3PH rating '!C16*1.1 -> 14.08 | D16: ='4P 3PH rating '!D16*1.1 -> 17.6 | E16: ='4P 3PH rating '!E16*1.1 -> 14.08 | F16: ='4P 3PH rating '!F16*1.1 -> 17.6 | G16: ='4P 3PH rating '!G16*1.1 -> 14.08 | H16: ='4P 3PH rating '!H16*1.1 -> 14.85 | I16: ='4P 3PH rating '!I16*1.1 -> 11.88 | J16: - | K16: - | L16: ='4P 3PH rating '!L16*1.1 -> 22 | M16: ='4P 3PH rating '!M16*1.1 -> 17.6 | N16: ='4P 3PH rating '!N16*1.1 -> 20.79 | O16: ='4P 3PH rating '!O16*1.1 -> 16.61 | P16: ='4P 3PH rating '!P16*1.1 -> 22 | Q16: ='4P 3PH rating '!Q16*1.1 -> 17.6 | R16: ='4P 3PH rating '!R16*1.1 -> 22 | S16: ='4P 3PH rating '!S16*1.1 -> 17.6 | ... U16: ='4P 3PH rating '!U16*1.1 -> 17.6
A18: DG184ES | B18: ='4P 3PH rating '!B18*1.1 -> 22 | C18: ='4P 3PH rating '!C18*1.1 -> 17.6 | D18: ='4P 3PH rating '!D18*1.1 -> 22 | E18: ='4P 3PH rating '!E18*1.1 -> 17.6 | F18: ='4P 3PH rating '!F18*1.1 -> 22 | G18: ='4P 3PH rating '!G18*1.1 -> 17.6 | H18: ='4P 3PH rating '!H18*1.1 -> 16.5 | I18: ='4P 3PH rating '!I18*1.1 -> 13.2 | J18: - | K18: - | L18: ='4P 3PH rating '!L18*1.1 -> 27.5 | M18: ='4P 3PH rating '!M18*1.1 -> 22 | N18: ='4P 3PH rating '!N18*1.1 -> 26.4 | O18: ='4P 3PH rating '!O18*1.1 -> 21.12 | P18: ='4P 3PH rating '!P18*1.1 -> 27.5 | Q18: ='4P 3PH rating '!Q18*1.1 -> 22 | R18: ='4P 3PH rating '!R18*1.1 -> 27.5 | S18: ='4P 3PH rating '!S18*1.1 -> 22 | ... U18: ='4P 3PH rating '!U18*1.1 -> 22
A19: DG184E | B19: ='4P 3PH rating '!B19*1.1 -> 24.75 | C19: ='4P 3PH rating '!C19*1.1 -> 19.8 | D19: ='4P 3PH rating '!D19*1.1 -> 24.75 | E19: ='4P 3PH rating '!E19*1.1 -> 19.8 | F19: ='4P 3PH rating '!F19*1.1 -> 24.75 | G19: ='4P 3PH rating '!G19*1.1 -> 19.8 | H19: ='4P 3PH rating '!H19*1.1 -> 19.25 | I19: ='4P 3PH rating '!I19*1.1 -> 15.4 | J19: - | K19: - | L19: ='4P 3PH rating '!L19*1.1 -> 30.25 | M19: ='4P 3PH rating '!M19*1.1 -> 24.2 | N19: ='4P 3PH rating '!N19*1.1 -> 30.25 | O19: ='4P 3PH rating '!O19*1.1 -> 24.2 | P19: ='4P 3PH rating '!P19*1.1 -> 31.68 | Q19: ='4P 3PH rating '!Q19*1.1 -> 25.3 | R19: ='4P 3PH rating '!R19*1.1 -> 31.68 | S19: ='4P 3PH rating '!S19*1.1 -> 25.3 | ... U19: ='4P 3PH rating '!U19*1.1 -> 26.4
A20: DG184F | B20: ='4P 3PH rating '!B20*1.1 -> 30.25 | C20: ='4P 3PH rating '!C20*1.1 -> 24.2 | D20: ='4P 3PH rating '!D20*1.1 -> 30.25 | E20: ='4P 3PH rating '!E20*1.1 -> 24.2 | F20: ='4P 3PH rating '!F20*1.1 -> 30.25 | G20: ='4P 3PH rating '!G20*1.1 -> 24.2 | H20: ='4P 3PH rating '!H20*1.1 -> 24.2 | I20: ='4P 3PH rating '!I20*1.1 -> 19.36 | J20: - | K20: - | L20: ='4P 3PH rating '!L20*1.1 -> 35.75 | M20: ='4P 3PH rating '!M20*1.1 -> 28.6 | N20: ='4P 3PH rating '!N20*1.1 -> 35.75 | O20: ='4P 3PH rating '!O20*1.1 -> 28.6 | P20: ='4P 3PH rating '!P20*1.1 -> 37.84 | Q20: ='4P 3PH rating '!Q20*1.1 -> 30.25 | R20: ='4P 3PH rating '!R20*1.1 -> 37.84 | S20: ='4P 3PH rating '!S20*1.1 -> 30.25 | ... U20: ='4P 3PH rating '!U20*1.1 -> 30.8
A21: DG184G | B21: ='4P 3PH rating '!B21*1.1 -> 34.43 | C21: ='4P 3PH rating '!C21*1.1 -> 27.5 | D21: ='4P 3PH rating '!D21*1.1 -> 34.43 | E21: ='4P 3PH rating '!E21*1.1 -> 27.5 | F21: ='4P 3PH rating '!F21*1.1 -> 34.43 | G21: ='4P 3PH rating '!G21*1.1 -> 27.5 | H21: ='4P 3PH rating '!H21*1.1 -> 27.5 | I21: ='4P 3PH rating '!I21*1.1 -> 22 | J21: - | K21: - | L21: ='4P 3PH rating '!L21*1.1 -> 41.25 | M21: ='4P 3PH rating '!M21*1.1 -> 33 | N21: ='4P 3PH rating '!N21*1.1 -> 38.5 | O21: ='4P 3PH rating '!O21*1.1 -> 30.8 | P21: ='4P 3PH rating '!P21*1.1 -> 41.25 | Q21: ='4P 3PH rating '!Q21*1.1 -> 33 | R21: ='4P 3PH rating '!R21*1.1 -> 41.25 | S21: ='4P 3PH rating '!S21*1.1 -> 33 | ... U21: ='4P 3PH rating '!U21*1.1 -> 33
A22: DG184H | B22: ='4P 3PH rating '!B22*1.1 -> 41.25 | C22: ='4P 3PH rating '!C22*1.1 -> 33 | D22: ='4P 3PH rating '!D22*1.1 -> 41.25 | E22: ='4P 3PH rating '!E22*1.1 -> 33 | F22: ='4P 3PH rating '!F22*1.1 -> 41.25 | G22: ='4P 3PH rating '!G22*1.1 -> 33 | H22: ='4P 3PH rating '!H22*1.1 -> 33 | I22: ='4P 3PH rating '!I22*1.1 -> 26.4 | J22: - | K22: - | L22: ='4P 3PH rating '!L22*1.1 -> 47.85 | M22: ='4P 3PH rating '!M22*1.1 -> 38.28 | N22: ='4P 3PH rating '!N22*1.1 -> 48.73 | O22: ='4P 3PH rating '!O22*1.1 -> 38.94 | P22: ='4P 3PH rating '!P22*1.1 -> 51.59 | Q22: ='4P 3PH rating '!Q22*1.1 -> 41.25 | R22: ='4P 3PH rating '!R22*1.1 -> 51.59 | S22: ='4P 3PH rating '!S22*1.1 -> 41.25 | ... U22: ='4P 3PH rating '!U22*1.1 -> 41.25
A23: DG184J | B23: ='4P 3PH rating '!B23*1.1 -> 44 | C23: ='4P 3PH rating '!C23*1.1 -> 35.2 | D23: ='4P 3PH rating '!D23*1.1 -> 44 | E23: ='4P 3PH rating '!E23*1.1 -> 35.2 | F23: ='4P 3PH rating '!F23*1.1 -> 44 | G23: ='4P 3PH rating '!G23*1.1 -> 35.2 | H23: ='4P 3PH rating '!H23*1.1 -> 35.2 | I23: ='4P 3PH rating '!I23*1.1 -> 28.16 | J23: - | K23: - | L23: ='4P 3PH rating '!L23*1.1 -> 52.25 | M23: ='4P 3PH rating '!M23*1.1 -> 41.8 | N23: ='4P 3PH rating '!N23*1.1 -> 52.03 | O23: ='4P 3PH rating '!O23*1.1 -> 41.624 | P23: ='4P 3PH rating '!P23*1.1 -> 55 | Q23: ='4P 3PH rating '!Q23*1.1 -> 44 | R23: ='4P 3PH rating '!R23*1.1 -> 55 | S23: ='4P 3PH rating '!S23*1.1 -> 44 | ... U23: ='4P 3PH rating '!U23*1.1 -> 44
A25: DG224C | B25: ='4P 3PH rating '!B25*1.1 -> 46.75 | C25: ='4P 3PH rating '!C25*1.1 -> 37.4 | D25: ='4P 3PH rating '!D25*1.1 -> 46.75 | E25: ='4P 3PH rating '!E25*1.1 -> 37.4 | F25: ='4P 3PH rating '!F25*1.1 -> 46.75 | G25: ='4P 3PH rating '!G25*1.1 -> 37.4 | H25: ='4P 3PH rating '!H25*1.1 -> 33 | I25: ='4P 3PH rating '!I25*1.1 -> 26.4 | J25: - | K25: - | L25: ='4P 3PH rating '!L25*1.1 -> 60.5 | M25: ='4P 3PH rating '!M25*1.1 -> 48.4 | N25: ='4P 3PH rating '!N25*1.1 -> 55 | O25: ='4P 3PH rating '!O25*1.1 -> 44 | P25: ='4P 3PH rating '!P25*1.1 -> 57.75 | Q25: ='4P 3PH rating '!Q25*1.1 -> 46.2 | R25: ='4P 3PH rating '!R25*1.1 -> 57.75 | S25: ='4P 3PH rating '!S25*1.1 -> 46.2 | ... U25: ='4P 3PH rating '!U25*1.1 -> 48.4
A26: DG224D | B26: ='4P 3PH rating '!B26*1.1 -> 55 | C26: ='4P 3PH rating '!C26*1.1 -> 44 | D26: ='4P 3PH rating '!D26*1.1 -> 55 | E26: ='4P 3PH rating '!E26*1.1 -> 44 | F26: ='4P 3PH rating '!F26*1.1 -> 55 | G26: ='4P 3PH rating '!G26*1.1 -> 44 | H26: ='4P 3PH rating '!H26*1.1 -> 41.25 | I26: ='4P 3PH rating '!I26*1.1 -> 33 | J26: - | K26: - | L26: ='4P 3PH rating '!L26*1.1 -> 68.75 | M26: ='4P 3PH rating '!M26*1.1 -> 55 | N26: ='4P 3PH rating '!N26*1.1 -> 66 | O26: ='4P 3PH rating '!O26*1.1 -> 52.8 | P26: ='4P 3PH rating '!P26*1.1 -> 68.75 | Q26: ='4P 3PH rating '!Q26*1.1 -> 55 | R26: ='4P 3PH rating '!R26*1.1 -> 68.75 | S26: ='4P 3PH rating '!S26*1.1 -> 55 | ... U26: ='4P 3PH rating '!U26*1.1 -> 57.2
... A29: DG224G | B29: ='4P 3PH rating '!B29*1.1 -> 93.5 | C29: ='4P 3PH rating '!C29*1.1 -> 74.8 | D29: ='4P 3PH rating '!D29*1.1 -> 93.5 | E29: ='4P 3PH rating '!E29*1.1 -> 74.8 | F29: ='4P 3PH rating '!F29*1.1 -> 93.5 | G29: ='4P 3PH rating '!G29*1.1 -> 74.8 | H29: ='4P 3PH rating '!H29*1.1 -> 82.5 | I29: ='4P 3PH rating '!I29*1.1 -> 66 | J29: - | K29: - | L29: ='4P 3PH rating '!L29*1.1 -> 110 | M29: ='4P 3PH rating '!M29*1.1 -> 88 | N29: ='4P 3PH rating '!N29*1.1 -> 103.18 | O29: ='4P 3PH rating '!O29*1.1 -> 82.5 | P29: ='4P 3PH rating '!P29*1.1 -> 107.25 | Q29: ='4P 3PH rating '!Q29*1.1 -> 85.8 | R29: ='4P 3PH rating '!R29*1.1 -> 110 | S29: ='4P 3PH rating '!S29*1.1 -> 88 | ... U29: ='4P 3PH rating '!U29*1.1 -> 91.344
A31: DG274C | B31: ='4P 3PH rating '!B31*1.1 -> 110 | C31: ='4P 3PH rating '!C31*1.1 -> 88 | D31: ='4P 3PH rating '!D31*1.1 -> 110 | E31: ='4P 3PH rating '!E31*1.1 -> 88 | F31: ='4P 3PH rating '!F31*1.1 -> 110 | G31: ='4P 3PH rating '!G31*1.1 -> 88 | J31: - | K31: - | L31: ='4P 3PH rating '!L31*1.1 -> 132 | M31: ='4P 3PH rating '!M31*1.1 -> 105.6 | N31: ='4P 3PH rating '!N31*1.1 -> 123.75 | O31: ='4P 3PH rating '!O31*1.1 -> 99 | P31: ='4P 3PH rating '!P31*1.1 -> 129.25 | Q31: ='4P 3PH rating '!Q31*1.1 -> 103.4 | R31: ='4P 3PH rating '!R31*1.1 -> 129.25 | S31: ='4P 3PH rating '!S31*1.1 -> 103.4 | ... U31: ='4P 3PH rating '!U31*1.1 -> 110
A32: DG274D | B32: ='4P 3PH rating '!B32*1.1 -> 137.5 | C32: ='4P 3PH rating '!C32*1.1 -> 110 | D32: ='4P 3PH rating '!D32*1.1 -> 137.5 | E32: ='4P 3PH rating '!E32*1.1 -> 110 | F32: ='4P 3PH rating '!F32*1.1 -> 137.5 | G32: ='4P 3PH rating '!G32*1.1 -> 110 | J32: - | K32: - | L32: ='4P 3PH rating '!L32*1.1 -> 154 | M32: ='4P 3PH rating '!M32*1.1 -> 123.2 | N32: ='4P 3PH rating '!N32*1.1 -> 154 | O32: ='4P 3PH rating '!O32*1.1 -> 123.2 | P32: ='4P 3PH rating '!P32*1.1 -> 165 | Q32: ='4P 3PH rating '!Q32*1.1 -> 132 | R32: ='4P 3PH rating '!R32*1.1 -> 165 | S32: ='4P 3PH rating '!S32*1.1 -> 132 | ... U32: ='4P 3PH rating '!U32*1.1 -> 132
A33: DG274E | B33: ='4P 3PH rating '!B33*1.1 -> 154 | C33: ='4P 3PH rating '!C33*1.1 -> 123.2 | D33: ='4P 3PH rating '!D33*1.1 -> 154 | E33: ='4P 3PH rating '!E33*1.1 -> 123.2 | F33: ='4P 3PH rating '!F33*1.1 -> 154 | G33: ='4P 3PH rating '!G33*1.1 -> 123.2 | J33: - | K33: - | L33: ='4P 3PH rating '!L33*1.1 -> 176 | M33: ='4P 3PH rating '!M33*1.1 -> 140.8 | N33: ='4P 3PH rating '!N33*1.1 -> 176 | O33: ='4P 3PH rating '!O33*1.1 -> 140.8 | P33: ='4P 3PH rating '!P33*1.1 -> 184.8 | Q33: ='4P 3PH rating '!Q33*1.1 -> 147.4 | R33: ='4P 3PH rating '!R33*1.1 -> 184.8 | S33: ='4P 3PH rating '!S33*1.1 -> 147.4 | ... U33: ='4P 3PH rating '!U33*1.1 -> 156.64
A34: DG274EL | B34: ='4P 3PH rating '!B34*1.1 -> 165 | C34: ='4P 3PH rating '!C34*1.1 -> 132 | D34: ='4P 3PH rating '!D34*1.1 -> 165 | E34: ='4P 3PH rating '!E34*1.1 -> 132 | F34: ='4P 3PH rating '!F34*1.1 -> 165 | G34: ='4P 3PH rating '!G34*1.1 -> 132 | J34: - | K34: - | L34: ='4P 3PH rating '!L34*1.1 -> 187 | M34: ='4P 3PH rating '!M34*1.1 -> 149.6 | N34: ='4P 3PH rating '!N34*1.1 -> 187 | O34: ='4P 3PH rating '!O34*1.1 -> 149.6 | P34: ='4P 3PH rating '!P34*1.1 -> 198 | Q34: ='4P 3PH rating '!Q34*1.1 -> 158.4 | R34: ='4P 3PH rating '!R34*1.1 -> 198 | S34: ='4P 3PH rating '!S34*1.1 -> 158.4 | ... U34: ='4P 3PH rating '!U34*1.1 -> 167.2
A35: DG274F | B35: ='4P 3PH rating '!B35*1.1 -> 176 | C35: ='4P 3PH rating '!C35*1.1 -> 140.8 | D35: ='4P 3PH rating '!D35*1.1 -> 176 | E35: ='4P 3PH rating '!E35*1.1 -> 140.8 | F35: ='4P 3PH rating '!F35*1.1 -> 176 | G35: ='4P 3PH rating '!G35*1.1 -> 140.8 | J35: - | K35: - | L35: ='4P 3PH rating '!L35*1.1 -> 198 | M35: ='4P 3PH rating '!M35*1.1 -> 158.4 | N35: ='4P 3PH rating '!N35*1.1 -> 199.1 | O35: ='4P 3PH rating '!O35*1.1 -> 159.28 | P35: ='4P 3PH rating '!P35*1.1 -> 209 | Q35: ='4P 3PH rating '!Q35*1.1 -> 167.2 | R35: ='4P 3PH rating '!R35*1.1 -> 209 | S35: ='4P 3PH rating '!S35*1.1 -> 167.2 | ... U35: ='4P 3PH rating '!U35*1.1 -> 176
A36: DG274G | B36: ='4P 3PH rating '!B36*1.1 -> 198 | C36: ='4P 3PH rating '!C36*1.1 -> 158.4 | D36: ='4P 3PH rating '!D36*1.1 -> 198 | E36: ='4P 3PH rating '!E36*1.1 -> 158.4 | F36: ='4P 3PH rating '!F36*1.1 -> 198 | G36: ='4P 3PH rating '!G36*1.1 -> 158.4 | J36: - | K36: - | L36: ='4P 3PH rating '!L36*1.1 -> 220 | M36: ='4P 3PH rating '!M36*1.1 -> 176 | N36: ='4P 3PH rating '!N36*1.1 -> 220 | O36: ='4P 3PH rating '!O36*1.1 -> 176 | P36: ='4P 3PH rating '!P36*1.1 -> 234.3 | Q36: ='4P 3PH rating '!Q36*1.1 -> 187.44 | R36: ='4P 3PH rating '!R36*1.1 -> 234.3 | S36: ='4P 3PH rating '!S36*1.1 -> 187.44 | ... U36: ='4P 3PH rating '!U36*1.1 -> 193.6
A37: DG274H | B37: ='4P 3PH rating '!B37*1.1 -> 220 | C37: ='4P 3PH rating '!C37*1.1 -> 176 | D37: ='4P 3PH rating '!D37*1.1 -> 220 | E37: ='4P 3PH rating '!E37*1.1 -> 176 | F37: ='4P 3PH rating '!F37*1.1 -> 220 | G37: ='4P 3PH rating '!G37*1.1 -> 176 | J37: - | K37: - | L37: ='4P 3PH rating '!L37*1.1 -> 261.25 | M37: ='4P 3PH rating '!M37*1.1 -> 209 | N37: ='4P 3PH rating '!N37*1.1 -> 260.7 | O37: ='4P 3PH rating '!O37*1.1 -> 208.56 | P37: ='4P 3PH rating '!P37*1.1 -> 269.5 | Q37: ='4P 3PH rating '!Q37*1.1 -> 215.6 | R37: ='4P 3PH rating '!R37*1.1 -> 269.5 | S37: ='4P 3PH rating '!S37*1.1 -> 215.6 | ... U37: ='4P 3PH rating '!U37*1.1 -> 220
A38: DG274J | B38: ='4P 3PH rating '!B38*1.1 -> 247.5 | C38: ='4P 3PH rating '!C38*1.1 -> 198 | D38: ='4P 3PH rating '!D38*1.1 -> 247.5 | E38: ='4P 3PH rating '!E38*1.1 -> 198 | F38: ='4P 3PH rating '!F38*1.1 -> 247.5 | G38: ='4P 3PH rating '!G38*1.1 -> 198 | J38: - | K38: - | L38: ='4P 3PH rating '!L38*1.1 -> 308 | M38: ='4P 3PH rating '!M38*1.1 -> 247.5 | N38: ='4P 3PH rating '!N38*1.1 -> 295.9 | O38: ='4P 3PH rating '!O38*1.1 -> 236.72 | P38: ='4P 3PH rating '!P38*1.1 -> 309.1 | Q38: ='4P 3PH rating '!Q38*1.1 -> 247.5 | R38: ='4P 3PH rating '!R38*1.1 -> 309.1 | S38: ='4P 3PH rating '!S38*1.1 -> 247.28 | ... U38: ='4P 3PH rating '!U38*1.1 -> 264
A39: DG274K | B39: ='4P 3PH rating '!B39*1.1 -> 275 | C39: ='4P 3PH rating '!C39*1.1 -> 220 | D39: ='4P 3PH rating '!D39*1.1 -> 275 | E39: ='4P 3PH rating '!E39*1.1 -> 220 | F39: ='4P 3PH rating '!F39*1.1 -> 275 | G39: ='4P 3PH rating '!G39*1.1 -> 220 | J39: - | K39: - | L39: ='4P 3PH rating '!L39*1.1 -> 330 | M39: ='4P 3PH rating '!M39*1.1 -> 264 | N39: ='4P 3PH rating '!N39*1.1 -> 320.1 | O39: ='4P 3PH rating '!O39*1.1 -> 256.08 | P39: ='4P 3PH rating '!P39*1.1 -> 330 | Q39: ='4P 3PH rating '!Q39*1.1 -> 264 | R39: ='4P 3PH rating '!R39*1.1 -> 330 | S39: ='4P 3PH rating '!S39*1.1 -> 264 | ... U39: ='4P 3PH rating '!U39*1.1 -> 275
A41: DG444C | B41: ='4P 3PH rating '!B41*1.1 -> 275 | C41: ='4P 3PH rating '!C41*1.1 -> 220 | D41: ='4P 3PH rating '!D41*1.1 -> 275 | E41: ='4P 3PH rating '!E41*1.1 -> 220 | F41: ='4P 3PH rating '!F41*1.1 -> 275 | G41: ='4P 3PH rating '!G41*1.1 -> 220 | H41: ='4P 3PH rating '!H41*1.1 -> 275 | I41: ='4P 3PH rating '!I41*1.1 -> 220 | ... U41: ='4P 3PH rating '!U41*1.1 -> 275
A42: DG444D | B42: ='4P 3PH rating '!B42*1.1 -> 330 | C42: ='4P 3PH rating '!C42*1.1 -> 264 | D42: ='4P 3PH rating '!D42*1.1 -> 330 | E42: ='4P 3PH rating '!E42*1.1 -> 264 | F42: ='4P 3PH rating '!F42*1.1 -> 330 | G42: ='4P 3PH rating '!G42*1.1 -> 264 | H42: ='4P 3PH rating '!H42*1.1 -> 308 | I42: ='4P 3PH rating '!I42*1.1 -> 246.4 | ... U42: ='4P 3PH rating '!U42*1.1 -> 330
A43: DGK444D | B43: ='4P 3PH rating '!B43*1.1 -> 344.3 | C43: ='4P 3PH rating '!C43*1.1 -> 275 | D43: ='4P 3PH rating '!D43*1.1 -> 344.3 | E43: ='4P 3PH rating '!E43*1.1 -> 275 | F43: ='4P 3PH rating '!F43*1.1 -> 344.3 | G43: ='4P 3PH rating '!G43*1.1 -> 275 | H43: ='4P 3PH rating '!H43*1.1 -> 319 | I43: ='4P 3PH rating '!I43*1.1 -> 255.2 | ... U43: ='4P 3PH rating '!U43*1.1 -> 341.44
A44: DG444E | B44: ='4P 3PH rating '!B44*1.1 -> 357.5 | C44: ='4P 3PH rating '!C44*1.1 -> 286 | D44: ='4P 3PH rating '!D44*1.1 -> 357.5 | E44: ='4P 3PH rating '!E44*1.1 -> 286 | F44: ='4P 3PH rating '!F44*1.1 -> 357.5 | G44: ='4P 3PH rating '!G44*1.1 -> 286 | H44: ='4P 3PH rating '!H44*1.1 -> 357.5 | I44: ='4P 3PH rating '!I44*1.1 -> 286 | J44: - | K44: - | L44: - | M44: - | N44: ='4P 3PH rating '!N44*1.1 -> 419.1 | O44: ='4P 3PH rating '!O44*1.1 -> 335.28 | P44: ='4P 3PH rating '!P44*1.1 -> 440 | Q44: ='4P 3PH rating '!Q44*1.1 -> 352 | R44: ='4P 3PH rating '!R44*1.1 -> 440 | S44: ='4P 3PH rating '!S44*1.1 -> 352 | T44: ='4P 3PH rating '!T44*1.1 -> 456.5 | U44: ='4P 3PH rating '!U44*1.1 -> 365.2
A45: DGK444E | B45: ='4P 3PH rating '!B45*1.1 -> 385 | C45: ='4P 3PH rating '!C45*1.1 -> 308 | D45: ='4P 3PH rating '!D45*1.1 -> 385 | E45: ='4P 3PH rating '!E45*1.1 -> 308 | F45: ='4P 3PH rating '!F45*1.1 -> 385 | G45: ='4P 3PH rating '!G45*1.1 -> 308 | H45: ='4P 3PH rating '!H45*1.1 -> 385 | I45: ='4P 3PH rating '!I45*1.1 -> 308 | J45: - | K45: - | L45: - | M45: - | N45: ='4P 3PH rating '!N45*1.1 -> 440 | O45: ='4P 3PH rating '!O45*1.1 -> 352 | P45: ='4P 3PH rating '!P45*1.1 -> 462 | Q45: ='4P 3PH rating '!Q45*1.1 -> 369.6 | R45: ='4P 3PH rating '!R45*1.1 -> 462 | S45: ='4P 3PH rating '!S45*1.1 -> 369.6 | T45: ='4P 3PH rating '!T45*1.1 -> 473 | U45: ='4P 3PH rating '!U45*1.1 -> 378.4
A46: DG444F | B46: ='4P 3PH rating '!B46*1.1 -> 412.5 | C46: ='4P 3PH rating '!C46*1.1 -> 330 | D46: ='4P 3PH rating '!D46*1.1 -> 412.5 | E46: ='4P 3PH rating '!E46*1.1 -> 330 | F46: ='4P 3PH rating '!F46*1.1 -> 412.5 | G46: ='4P 3PH rating '!G46*1.1 -> 330 | H46: ='4P 3PH rating '!H46*1.1 -> 412.5 | I46: ='4P 3PH rating '!I46*1.1 -> 330 | ... K46: ='4P 3PH rating '!K46*1.1 -> 418 | L46: - | M46: - | N46: ='4P 3PH rating '!N46*1.1 -> 488.4 | O46: ='4P 3PH rating '!O46*1.1 -> 390.72 | P46: ='4P 3PH rating '!P46*1.1 -> 500.5 | Q46: ='4P 3PH rating '!Q46*1.1 -> 400.4 | R46: ='4P 3PH rating '!R46*1.1 -> 509.3 | S46: ='4P 3PH rating '!S46*1.1 -> 407.44 | T46: ='4P 3PH rating '!T46*1.1 -> 522.5 | U46: ='4P 3PH rating '!U46*1.1 -> 418
A47: DGK444F | B47: ='4P 3PH rating '!B47*1.1 -> 440 | C47: ='4P 3PH rating '!C47*1.1 -> 352 | D47: ='4P 3PH rating '!D47*1.1 -> 440 | E47: ='4P 3PH rating '!E47*1.1 -> 352 | F47: ='4P 3PH rating '!F47*1.1 -> 440 | G47: ='4P 3PH rating '!G47*1.1 -> 352 | H47: ='4P 3PH rating '!H47*1.1 -> 440 | I47: ='4P 3PH rating '!I47*1.1 -> 352 | ... K47: ='4P 3PH rating '!K47*1.1 -> 440 | L47: - | M47: - | N47: ='4P 3PH rating '!N47*1.1 -> 499.4 | O47: ='4P 3PH rating '!O47*1.1 -> 399.52 | P47: ='4P 3PH rating '!P47*1.1 -> 528 | Q47: ='4P 3PH rating '!Q47*1.1 -> 422.4 | R47: ='4P 3PH rating '!R47*1.1 -> 550 | S47: ='4P 3PH rating '!S47*1.1 -> 440 | T47: ='4P 3PH rating '!T47*1.1 -> 550 | U47: ='4P 3PH rating '!U47*1.1 -> 440
A49: DG544C | B49: ='4P 3PH rating '!B49*1.1 -> 495 | C49: ='4P 3PH rating '!C49*1.1 -> 396 | D49: ='4P 3PH rating '!D49*1.1 -> 495 | E49: ='4P 3PH rating '!E49*1.1 -> 396 | F49: ='4P 3PH rating '!F49*1.1 -> 495 | G49: ='4P 3PH rating '!G49*1.1 -> 396 | H49: ='4P 3PH rating '!H49*1.1 -> 495 | I49: ='4P 3PH rating '!I49*1.1 -> 396 | ... U49: ='4P 3PH rating '!U49*1.1 -> 522.72
A50: DG544D | B50: ='4P 3PH rating '!B50*1.1 -> 550 | C50: ='4P 3PH rating '!C50*1.1 -> 440 | D50: ='4P 3PH rating '!D50*1.1 -> 550 | E50: ='4P 3PH rating '!E50*1.1 -> 440 | F50: ='4P 3PH rating '!F50*1.1 -> 550 | G50: ='4P 3PH rating '!G50*1.1 -> 440 | H50: ='4P 3PH rating '!H50*1.1 -> 550 | I50: ='4P 3PH rating '!I50*1.1 -> 440 | ... U50: ='4P 3PH rating '!U50*1.1 -> 566.72
A51: DG544ES | B51: ='4P 3PH rating '!B51*1.1 -> 619.3 | C51: ='4P 3PH rating '!C51*1.1 -> 495.44 | D51: ='4P 3PH rating '!D51*1.1 -> 619.3 | E51: ='4P 3PH rating '!E51*1.1 -> 495 | F51: ='4P 3PH rating '!F51*1.1 -> 619.3 | G51: ='4P 3PH rating '!G51*1.1 -> 495 | H51: ='4P 3PH rating '!H51*1.1 -> 619.3 | I51: ='4P 3PH rating '!I51*1.1 -> 495.44 | ... U51: ='4P 3PH rating '!U51*1.1 -> 616
A52: DG544E | B52: ='4P 3PH rating '!B52*1.1 -> 660 | C52: ='4P 3PH rating '!C52*1.1 -> 528 | D52: ='4P 3PH rating '!D52*1.1 -> 660 | E52: ='4P 3PH rating '!E52*1.1 -> 528 | F52: ='4P 3PH rating '!F52*1.1 -> 660 | G52: ='4P 3PH rating '!G52*1.1 -> 528 | H52: ='4P 3PH rating '!H52*1.1 -> 660 | I52: ='4P 3PH rating '!I52*1.1 -> 528 | ... U52: ='4P 3PH rating '!U52*1.1 -> 660
A53: DG544EL | B53: ='4P 3PH rating '!B53*1.1 -> 687.5 | C53: ='4P 3PH rating '!C53*1.1 -> 550 | D53: ='4P 3PH rating '!D53*1.1 -> 687.5 | E53: ='4P 3PH rating '!E53*1.1 -> 550 | F53: ='4P 3PH rating '!F53*1.1 -> 687.5 | G53: ='4P 3PH rating '!G53*1.1 -> 550 | H53: ='4P 3PH rating '!H53*1.1 -> 687.5 | I53: ='4P 3PH rating '!I53*1.1 -> 550 | ... U53: ='4P 3PH rating '!U53*1.1 -> 673.2
A54: DG544F | B54: ='4P 3PH rating '!B54*1.1 -> 737 | C54: ='4P 3PH rating '!C54*1.1 -> 589.6 | D54: ='4P 3PH rating '!D54*1.1 -> 737 | E54: ='4P 3PH rating '!E54*1.1 -> 589.6 | F54: ='4P 3PH rating '!F54*1.1 -> 737 | G54: ='4P 3PH rating '!G54*1.1 -> 589.6 | H54: ='4P 3PH rating '!H54*1.1 -> 715 | I54: ='4P 3PH rating '!I54*1.1 -> 572 | ... U54: ='4P 3PH rating '!U54*1.1 -> 726
A56: Model | B56: Three Phase 50Hz 1500RPM | J56: Three Phase 60Hz 1800RPM
A57: Power Factor | B57: 0.8 | D57: 0.8 | F57: 0.8 | H57: 0.8 | J57: 0.8 | L57: 0.8 | N57: 0.8 | P57: 0.8 | R57: 0.8 | T57: 0.8
A58: Volts
A59: Star(W12&W13) | B59: 380 | D59: 400 | F59: 415 | H59: 440 | J59: 380-416 | N59: 416 | P59: 440 | R59: 460 | T59: 480
A60: Delta(W12&W13) | B60: 220 | D60: 230 | F60: 240 | H60: 254 | J60: 220-240 | N60: 240 | P60: 254 | R60: 266 | T60: 277
A61: Series Star(W11&W14) | B61: 380 | D61: 400 | F61: 415 | H61: 440 | J61: - | L61: 380-416 | N61: 416 | P61: 440 | R61: 460 | T61: 480
A62: Parallel Star(W11&W14) | B62: 190 | D62: 200 | F62: 208 | H62: 220 | J62: - | L62: 190-208 | N62: 208 | P62: 220 | R62: 230 | T62: 240
A63: Series Delta | B63: 220 | D63: 230 | F63: 240 | H63: 254 | J63: - | L63: 220-240 | N63: 240 | P63: 254 | R63: 266 | T63: 277
A64: Winding No. | B64: 11/12 | D64: 11/12 | F64: 11/12 | H64: 11/12 | J64: 13 | L64: 14 | N64: 11/12 | P64: 11/12 | R64: 11/12 | T64: 11/12
A65: Rating | B65: KVA | C65: KW | D65: KVA | E65: KW | F65: KVA | G65: KW | H65: KVA | I65: KW | J65: KVA | K65: KW | L65: KVA | M65: KW | N65: KVA | O65: KW | P65: KVA | Q65: KW | R65: KVA | S65: KW | T65: KVA | U65: KW
A66: DG634B | B66: ='4P 3PH rating '!B66*1.1 -> 781 | C66: ='4P 3PH rating '!C66*1.1 -> 624.8 | D66: ='4P 3PH rating '!D66*1.1 -> 825 | E66: ='4P 3PH rating '!E66*1.1 -> 660 | F66: ='4P 3PH rating '!F66*1.1 -> 825 | G66: ='4P 3PH rating '!G66*1.1 -> 660 | H66: ='4P 3PH rating '!H66*1.1 -> 748 | I66: ='4P 3PH rating '!I66*1.1 -> 598.4 | J66: - | K66: - | L66: ='4P 3PH rating '!L66*1.1 -> 1031.8 | M66: ='4P 3PH rating '!M66*1.1 -> 825 | N66: ='4P 3PH rating '!N66*1.1 -> 891 | O66: ='4P 3PH rating '!O66*1.1 -> 712.8 | P66: ='4P 3PH rating '!P66*1.1 -> 940.5 | Q66: ='4P 3PH rating '!Q66*1.1 -> 752.4 | R66: ='4P 3PH rating '!R66*1.1 -> 984.5 | S66: ='4P 3PH rating '!S66*1.1 -> 787.6 | ... U66: ='4P 3PH rating '!U66*1.1 -> 825.44
A67: DG634C1 | B67: ='4P 3PH rating '!B67*1.1 -> 836 | C67: ='4P 3PH rating '!C67*1.1 -> 668.8 | D67: ='4P 3PH rating '!D67*1.1 -> 880 | E67: ='4P 3PH rating '!E67*1.1 -> 704 | F67: ='4P 3PH rating '!F67*1.1 -> 880 | G67: ='4P 3PH rating '!G67*1.1 -> 704 | H67: ='4P 3PH rating '!H67*1.1 -> 797.5 | I67: ='4P 3PH rating '!I67*1.1 -> 638 | J67: - | K67: - | L67: - | M67: - | N67: ='4P 3PH rating '!N67*1.1 -> 951.5 | O67: ='4P 3PH rating '!O67*1.1 -> 761.2 | P67: ='4P 3PH rating '!P67*1.1 -> 1007.6 | Q67: ='4P 3PH rating '!Q67*1.1 -> 806.08 | R67: ='4P 3PH rating '!R67*1.1 -> 1053.8 | S67: ='4P 3PH rating '!S67*1.1 -> 843.04 | T67: ='4P 3PH rating '!T67*1.1 -> 1100 | U67: ='4P 3PH rating '!U67*1.1 -> 880
A68: DG634D | B68: ='4P 3PH rating '!B68*1.1 -> 951.5 | C68: ='4P 3PH rating '!C68*1.1 -> 761.2 | D68: ='4P 3PH rating '!D68*1.1 -> 1001 | E68: ='4P 3PH rating '!E68*1.1 -> 800.8 | F68: ='4P 3PH rating '!F68*1.1 -> 1001 | G68: ='4P 3PH rating '!G68*1.1 -> 800.8 | H68: ='4P 3PH rating '!H68*1.1 -> 907.5 | I68: ='4P 3PH rating '!I68*1.1 -> 726 | J68: - | K68: - | L68: ='4P 3PH rating '!L68*1.1 -> 1169.3 | M68: ='4P 3PH rating '!M68*1.1 -> 935 | N68: ='4P 3PH rating '!N68*1.1 -> 1084.6 | O68: ='4P 3PH rating '!O68*1.1 -> 867.68 | P68: ='4P 3PH rating '!P68*1.1 -> 1137.4 | Q68: ='4P 3PH rating '!Q68*1.1 -> 909.92 | R68: ='4P 3PH rating '!R68*1.1 -> 1199 | S68: ='4P 3PH rating '!S68*1.1 -> 959.2 | ... U68: ='4P 3PH rating '!U68*1.1 -> 1001.44
A69: DG634E | B69: ='4P 3PH rating '!B69*1.1 -> 1045 | C69: ='4P 3PH rating '!C69*1.1 -> 836 | D69: ='4P 3PH rating '!D69*1.1 -> 1100 | E69: ='4P 3PH rating '!E69*1.1 -> 880 | F69: ='4P 3PH rating '!F69*1.1 -> 1100 | G69: ='4P 3PH rating '!G69*1.1 -> 880 | H69: ='4P 3PH rating '!H69*1.1 -> 1001 | I69: ='4P 3PH rating '!I69*1.1 -> 800.8 | J69: - | K69: - | L69: ='4P 3PH rating '!L69*1.1 -> 1375 | M69: ='4P 3PH rating '!M69*1.1 -> 1100 | N69: ='4P 3PH rating '!N69*1.1 -> 1191.3 | O69: ='4P 3PH rating '!O69*1.1 -> 953.04 | P69: ='4P 3PH rating '!P69*1.1 -> 1259.5 | Q69: ='4P 3PH rating '!Q69*1.1 -> 1007.6 | R69: ='4P 3PH rating '!R69*1.1 -> 1316.7 | S69: ='4P 3PH rating '!S69*1.1 -> 1053.36 | ... U69: ='4P 3PH rating '!U69*1.1 -> 1100
A70: DG634F | B70: ='4P 3PH rating '!B70*1.1 -> 1199 | C70: ='4P 3PH rating '!C70*1.1 -> 959.2 | D70: ='4P 3PH rating '!D70*1.1 -> 1243 | E70: ='4P 3PH rating '!E70*1.1 -> 994.4 | F70: ='4P 3PH rating '!F70*1.1 -> 1243 | G70: ='4P 3PH rating '!G70*1.1 -> 994.4 | H70: ='4P 3PH rating '!H70*1.1 -> 1127.5 | I70: ='4P 3PH rating '!I70*1.1 -> 902 | J70: - | K70: - | L70: ='4P 3PH rating '!L70*1.1 -> 1452 | M70: ='4P 3PH rating '!M70*1.1 -> 1161.6 | N70: ='4P 3PH rating '!N70*1.1 -> 1324.4 | O70: ='4P 3PH rating '!O70*1.1 -> 1059.52 | P70: ='4P 3PH rating '!P70*1.1 -> 1401.4 | Q70: ='4P 3PH rating '!Q70*1.1 -> 1121.12 | R70: ='4P 3PH rating '!R70*1.1 -> 1465.2 | S70: ='4P 3PH rating '!S70*1.1 -> 1172.16 | ... U70: ='4P 3PH rating '!U70*1.1 -> 1223.2
A71: DG634G | B71: ='4P 3PH rating '!B71*1.1 -> 1309 | C71: ='4P 3PH rating '!C71*1.1 -> 1047.2 | D71: ='4P 3PH rating '!D71*1.1 -> 1375 | E71: ='4P 3PH rating '!E71*1.1 -> 1100 | F71: ='4P 3PH rating '!F71*1.1 -> 1375 | G71: ='4P 3PH rating '!G71*1.1 -> 1100 | H71: ='4P 3PH rating '!H71*1.1 -> 1248.5 | I71: ='4P 3PH rating '!I71*1.1 -> 998.8 | ... K71: ='4P 3PH rating '!K71*1.1 -> 1320 | L71: - | M71: - | N71: ='4P 3PH rating '!N71*1.1 -> 1441 | O71: ='4P 3PH rating '!O71*1.1 -> 1152.8 | P71: ='4P 3PH rating '!P71*1.1 -> 1524.6 | Q71: ='4P 3PH rating '!Q71*1.1 -> 1219.68 | R71: ='4P 3PH rating '!R71*1.1 -> 1593.9 | S71: ='4P 3PH rating '!S71*1.1 -> 1275.12 | T71: ='4P 3PH rating '!T71*1.1 -> 1664.3 | U71: ='4P 3PH rating '!U71*1.1 -> 1331.44
A73: DG734B | B73: ='4P 3PH rating '!B73*1.1 -> 1496 | C73: ='4P 3PH rating '!C73*1.1 -> 1196.8 | D73: ='4P 3PH rating '!D73*1.1 -> 1540 | E73: ='4P 3PH rating '!E73*1.1 -> 1232 | F73: ='4P 3PH rating '!F73*1.1 -> 1540 | G73: ='4P 3PH rating '!G73*1.1 -> 1232 | H73: ='4P 3PH rating '!H73*1.1 -> 1512.5 | I73: ='4P 3PH rating '!I73*1.1 -> 1210 | ... K73: ='4P 3PH rating '!K73*1.1 -> 1372.8 | L73: - | M73: - | N73: ='4P 3PH rating '!N73*1.1 -> 1677.5 | O73: ='4P 3PH rating '!O73*1.1 -> 1342 | P73: ='4P 3PH rating '!P73*1.1 -> 1787.5 | Q73: ='4P 3PH rating '!Q73*1.1 -> 1430 | R73: ='4P 3PH rating '!R73*1.1 -> 1820.5 | S73: ='4P 3PH rating '!S73*1.1 -> 1456.4 | T73: ='4P 3PH rating '!T73*1.1 -> 1859 | U73: ='4P 3PH rating '!U73*1.1 -> 1487.2
A74: DG734C | B74: ='4P 3PH rating '!B74*1.1 -> 1655.5 | C74: ='4P 3PH rating '!C74*1.1 -> 1324.4 | D74: ='4P 3PH rating '!D74*1.1 -> 1705 | E74: ='4P 3PH rating '!E74*1.1 -> 1364 | F74: ='4P 3PH rating '!F74*1.1 -> 1705 | G74: ='4P 3PH rating '!G74*1.1 -> 1364 | H74: ='4P 3PH rating '!H74*1.1 -> 1672 | I74: ='4P 3PH rating '!I74*1.1 -> 1337.6 | ... K74: ='4P 3PH rating '!K74*1.1 -> 1557.6 | L74: - | M74: - | N74: ='4P 3PH rating '!N74*1.1 -> 1875.5 | O74: ='4P 3PH rating '!O74*1.1 -> 1500.4 | P74: ='4P 3PH rating '!P74*1.1 -> 1996.5 | Q74: ='4P 3PH rating '!Q74*1.1 -> 1597.2 | R74: ='4P 3PH rating '!R74*1.1 -> 2040.5 | S74: ='4P 3PH rating '!S74*1.1 -> 1632.4 | T74: ='4P 3PH rating '!T74*1.1 -> 2079 | U74: ='4P 3PH rating '!U74*1.1 -> 1663.2
A75: DG734D | B75: ='4P 3PH rating '!B75*1.1 -> 1776.5 | C75: ='4P 3PH rating '!C75*1.1 -> 1421.2 | D75: ='4P 3PH rating '!D75*1.1 -> 1815 | E75: ='4P 3PH rating '!E75*1.1 -> 1452 | F75: ='4P 3PH rating '!F75*1.1 -> 1815 | G75: ='4P 3PH rating '!G75*1.1 -> 1452 | H75: ='4P 3PH rating '!H75*1.1 -> 1782 | I75: ='4P 3PH rating '!I75*1.1 -> 1425.6 | ... K75: ='4P 3PH rating '!K75*1.1 -> 1685.2 | L75: - | M75: - | N75: ='4P 3PH rating '!N75*1.1 -> 1996.5 | O75: ='4P 3PH rating '!O75*1.1 -> 1597.2 | P75: ='4P 3PH rating '!P75*1.1 -> 2128.5 | Q75: ='4P 3PH rating '!Q75*1.1 -> 1702.8 | R75: ='4P 3PH rating '!R75*1.1 -> 2172.5 | S75: ='4P 3PH rating '!S75*1.1 -> 1738 | T75: ='4P 3PH rating '!T75*1.1 -> 2216.5 | U75: ='4P 3PH rating '!U75*1.1 -> 1773.2
A76: DG734E | B76: ='4P 3PH rating '!B76*1.1 -> 2029.5 | C76: ='4P 3PH rating '!C76*1.1 -> 1623.6 | D76: ='4P 3PH rating '!D76*1.1 -> 2090 | E76: ='4P 3PH rating '!E76*1.1 -> 1672 | F76: ='4P 3PH rating '!F76*1.1 -> 2090 | G76: ='4P 3PH rating '!G76*1.1 -> 1672 | H76: ='4P 3PH rating '!H76*1.1 -> 2051.5 | I76: ='4P 3PH rating '!I76*1.1 -> 1641.2 | J76: - | K76: - | L76: - | M76: - | N76: ='4P 3PH rating '!N76*1.1 -> 2277 | O76: ='4P 3PH rating '!O76*1.1 -> 1821.6 | P76: ='4P 3PH rating '!P76*1.1 -> 2431 | Q76: ='4P 3PH rating '!Q76*1.1 -> 1944.8 | R76: ='4P 3PH rating '!R76*1.1 -> 2475 | S76: ='4P 3PH rating '!S76*1.1 -> 1980 | T76: ='4P 3PH rating '!T76*1.1 -> 2530 | U76: ='4P 3PH rating '!U76*1.1 -> 2024
A77: DG734F | B77: ='4P 3PH rating '!B77*1.1 -> 2222 | C77: ='4P 3PH rating '!C77*1.1 -> 1777.6 | D77: ='4P 3PH rating '!D77*1.1 -> 2288 | E77: ='4P 3PH rating '!E77*1.1 -> 1830.4 | F77: ='4P 3PH rating '!F77*1.1 -> 2288 | G77: ='4P 3PH rating '!G77*1.1 -> 1830.4 | H77: ='4P 3PH rating '!H77*1.1 -> 2244 | I77: ='4P 3PH rating '!I77*1.1 -> 1795.2 | ... K77: ='4P 3PH rating '!K77*1.1 -> 2200 | L77: - | M77: - | N77: ='4P 3PH rating '!N77*1.1 -> 2579.5 | O77: ='4P 3PH rating '!O77*1.1 -> 2063.6 | P77: ='4P 3PH rating '!P77*1.1 -> 2750 | Q77: ='4P 3PH rating '!Q77*1.1 -> 2200 | R77: ='4P 3PH rating '!R77*1.1 -> 2805 | S77: ='4P 3PH rating '!S77*1.1 -> 2244 | T77: ='4P 3PH rating '!T77*1.1 -> 2860 | U77: ='4P 3PH rating '!U77*1.1 -> 2288
A78: DG734G | B78: ='4P 3PH rating '!B78*1.1 -> 2348.5 | C78: ='4P 3PH rating '!C78*1.1 -> 1878.8 | D78: ='4P 3PH rating '!D78*1.1 -> 2420 | E78: ='4P 3PH rating '!E78*1.1 -> 1936 | F78: ='4P 3PH rating '!F78*1.1 -> 2420 | G78: ='4P 3PH rating '!G78*1.1 -> 1936 | H78: ='4P 3PH rating '!H78*1.1 -> 2376 | I78: ='4P 3PH rating '!I78*1.1 -> 1900.8 | J78: - | K78: - | L78: - | M78: - | N78: ='4P 3PH rating '!N78*1.1 -> 2662 | O78: ='4P 3PH rating '!O78*1.1 -> 2129.6 | P78: ='4P 3PH rating '!P78*1.1 -> 2788.5 | Q78: ='4P 3PH rating '!Q78*1.1 -> 2230.8 | R78: ='4P 3PH rating '!R78*1.1 -> 2887.5 | S78: ='4P 3PH rating '!S78*1.1 -> 2310 | T78: ='4P 3PH rating '!T78*1.1 -> 3025 | U78: ='4P 3PH rating '!U78*1.1 -> 2420
A79: DG734H | B79: ='4P 3PH rating '!B79*1.1 -> 2497 | C79: ='4P 3PH rating '!C79*1.1 -> 1997.6 | D79: ='4P 3PH rating '!D79*1.1 -> 2574 | E79: ='4P 3PH rating '!E79*1.1 -> 2059.2 | F79: ='4P 3PH rating '!F79*1.1 -> 2574 | G79: ='4P 3PH rating '!G79*1.1 -> 2059.2 | H79: ='4P 3PH rating '!H79*1.1 -> 2530 | I79: ='4P 3PH rating '!I79*1.1 -> 2024 | J79: - | K79: - | L79: - | M79: - | N79: ='4P 3PH rating '!N79*1.1 -> 2777.5 | O79: ='4P 3PH rating '!O79*1.1 -> 2222 | P79: ='4P 3PH rating '!P79*1.1 -> 2904 | Q79: ='4P 3PH rating '!Q79*1.1 -> 2323.2 | R79: ='4P 3PH rating '!R79*1.1 -> 2997.5 | S79: ='4P 3PH rating '!S79*1.1 -> 2398 | T79: ='4P 3PH rating '!T79*1.1 -> 3113 | U79: ='4P 3PH rating '!U79*1.1 -> 2490.4
A82: Notes：
A83: 1. DG634C has no W11 option
A84: 2. DGK-foluted fan
A85: 3. The above rating is based on one hour rating with no temperature rising list and below 1000 meters altitude above sea.
A86: 4. DG734B～H has only W12 option

Sheet Marine 70K
A1: Dingol Marine Generator Rating Table (4-pole,H class insulation,B class temperature rising)
B2: Environment Temperature: | G2: 50 Degree C | J2: 70K temperature Rising
A3: Model | B3: Three Phase 50Hz 1500RPM | J3: Three Phase 60Hz 1800RPM
A4: Power Factor | B4: 0.8 | D4: 0.8 | F4: 0.8 | H4: 0.8 | J4: 0.8 | L4: 0.8 | N4: 0.8 | P4: 0.8
A5: Volts
A6: Star(W12&W13) | B6: 380 | D6: 400 | F6: 415 | H6: 440 | J6: 416 | L6: 440 | N6: 460 | P6: 480
A7: Delta(W12&W13) | B7: 220 | D7: 230 | F7: 240 | H7: 254 | J7: 240 | L7: 254 | N7: 266 | P7: 277
A8: Series Star(W11&W14) | B8: 380 | D8: 400 | F8: 415 | H8: 440 | J8: 416 | L8: 440 | N8: 460 | P8: 480
A9: Parallel Star(W11&W14) | B9: 190 | D9: 200 | F9: 208 | H9: 220 | J9: 208 | L9: 220 | N9: 230 | P9: 240
A10: Series Delta | B10: 220 | D10: 230 | F10: 240 | H10: 254 | J10: 240 | L10: 254 | N10: 266 | P10: 277
A11: Parallel delta | B11: =B10/2 -> 110 | D11: =D10/2 -> 115 | F11: =F10/2 -> 120 | H11: =H10/2 -> 127 | J11: =J10/2 -> 120 | L11: =L10/2 -> 127 | N11: =N10/2 -> 133 | P11: =P10/2 -> 138.5
A12: Winding No. | B12: 11 | D12: 11 | F12: 11 | H12: 11 | J12: 11 | L12: 11 | N12: 11 | P12: 11
A13: Rating | B13: KVA | C13: KW | D13: KVA | E13: KW | F13: KVA | G13: KW | H13: KVA | I13: KW | J13: KVA | K13: KW | L13: KVA | M13: KW | N13: KVA | O13: KW | P13: KVA | Q13: KW
A14: DGM184E | B14: 13.3 | C14: =B14*0.8 -> 10.64 | D14: 13.3 | E14: =D14*0.8 -> 10.64 | F14: 13.3 | G14: =F14*0.8 -> 10.64 | H14: - | I14: - | J14: 16 | K14: 22 | L14: 17 | M14: 23 | N14: 17 | O14: =N14*0.8 -> 13.6 | P14: 17 | Q14: =P14*0.8 -> 13.6
A15: DGM184F | B15: 17.5 | C15: =B15*0.8 -> 14 | D15: 17.5 | E15: =D15*0.8 -> 14 | F15: 17.5 | G15: =F15*0.8 -> 14 | H15: - | I15: - | J15: 20.3 | K15: 26 | L15: 21.5 | M15: 27.5 | N15: 21.5 | O15: =N15*0.8 -> 17.2 | P15: 21.5 | Q15: =P15*0.8 -> 17.2
A16: DGM184G | B16: 19.8 | C16: =B16*0.8 -> 15.84 | D16: 19.8 | E16: =D16*0.8 -> 15.84 | F16: 19.8 | G16: =F16*0.8 -> 15.84 | H16: - | I16: - | J16: 23.1 | K16: =J16*0.8 -> 18.48 | L16: 24.4 | M16: =L16*0.8 -> 19.52 | N16: 24.4 | O16: =N16*0.8 -> 19.52 | P16: 24.4 | Q16: =P16*0.8 -> 19.52
A17: DGM184H | B17: 27 | C17: =B17*0.8 -> 21.6 | D17: 27 | E17: =D17*0.8 -> 21.6 | F17: 27 | G17: =F17*0.8 -> 21.6 | H17: - | I17: - | J17: 31.8 | K17: =J17*0.8 -> 25.44 | L17: 33.5 | M17: =L17*0.8 -> 26.8 | N17: 33.5 | O17: =N17*0.8 -> 26.8 | P17: 33.5 | Q17: =P17*0.8 -> 26.8
A18: DGM184J | B18: 27.3 | C18: =B18*0.8 -> 21.84 | D18: 28.7 | E18: =D18*0.8 -> 22.96 | F18: 27.3 | G18: =F18*0.8 -> 21.84 | H18: - | I18: - | J18: 32.2 | K18: =J18*0.8 -> 25.76 | L18: 34 | M18: =L18*0.8 -> 27.2 | N18: 34 | O18: =N18*0.8 -> 27.2 | P18: 34 | Q18: =P18*0.8 -> 27.2
A20: DGM224C | B20: 31 | C20: =B20*0.8 -> 24.8 | D20: 31 | E20: =D20*0.8 -> 24.8 | F20: 31 | G20: =F20*0.8 -> 24.8 | H20: 22.5 | I20: =H20*0.8 -> 18 | J20: 35 | K20: =J20*0.8 -> 28 | L20: 36.3 | M20: =L20*0.8 -> 29.04 | N20: 37.5 | O20: =N20*0.8 -> 30 | P20: 37.5 | Q20: =P20*0.8 -> 30
A21: DGM224D | B21: 37.5 | C21: =B21*0.8 -> 30 | D21: 37.5 | E21: =D21*0.8 -> 30 | F21: 37.5 | G21: =F21*0.8 -> 30 | H21: 27.3 | I21: =H21*0.8 -> 21.84 | J21: 42 | K21: =J21*0.8 -> 33.6 | L21: 43.8 | M21: =L21*0.8 -> 35.04 | N21: 46.3 | O21: =N21*0.8 -> 37.04 | P21: 46.3 | Q21: =P21*0.8 -> 37.04
A22: DGM224E | B22: 42 | C22: =B22*0.8 -> 33.6 | D22: 42 | E22: =D22*0.8 -> 33.6 | F22: 42 | G22: =F22*0.8 -> 33.6 | H22: 32.6 | I22: =H22*0.8 -> 26.08 | J22: 47.5 | K22: =J22*0.8 -> 38 | L22: 50 | M22: =L22*0.8 -> 40 | N22: 52.5 | O22: =N22*0.8 -> 42 | P22: 52.5 | Q22: =P22*0.8 -> 42
A23: DGM224F | B23: 50 | C23: =B23*0.8 -> 40 | D23: 50 | E23: =D23*0.8 -> 40 | F23: 50 | G23: =F23*0.8 -> 40 | H23: 39.3 | I23: =H23*0.8 -> 31.44 | J23: 57.5 | K23: =J23*0.8 -> 46 | L23: 60 | M23: =L23*0.8 -> 48 | N23: 62.5 | O23: =N23*0.8 -> 50 | P23: 62.5 | Q23: =P23*0.8 -> 50
A24: DGM224G | B24: 60 | C24: =B24*0.8 -> 48 | D24: 60 | E24: =D24*0.8 -> 48 | F24: 60 | G24: =F24*0.8 -> 48 | H24: 52.2 | I24: =H24*0.8 -> 41.76 | J24: 62.5 | K24: =J24*0.8 -> 50 | L24: 68.8 | M24: =L24*0.8 -> 55.04 | N24: 75 | O24: =N24*0.8 -> 60 | P24: 75 | Q24: =P24*0.8 -> 60
A26: DGM274C | B26: 67.5 | C26: =B26*0.8 -> 54 | D26: 67.5 | E26: =D26*0.8 -> 54 | F26: 67.5 | G26: =F26*0.8 -> 54 | H26: - | I26: - | J26: 75 | K26: =J26*0.8 -> 60 | L26: 77.5 | M26: =L26*0.8 -> 62 | N26: 80 | O26: =N26*0.8 -> 64 | P26: 80 | Q26: =P26*0.8 -> 64
A27: DGM274D | B27: 81.3 | C27: =B27*0.8 -> 65.04 | D27: 81.3 | E27: =D27*0.8 -> 65.04 | F27: 81.3 | G27: =F27*0.8 -> 65.04 | H27: - | I27: - | J27: 87.5 | K27: =J27*0.8 -> 70 | L27: 90 | M27: =L27*0.8 -> 72 | N27: 92.5 | O27: =N27*0.8 -> 74 | P27: 92.5 | Q27: =P27*0.8 -> 74
A28: DGM274E | B28: 100 | C28: =B28*0.8 -> 80 | D28: 100 | E28: =D28*0.8 -> 80 | F28: 100 | G28: =F28*0.8 -> 80 | H28: - | I28: - | J28: 110 | K28: =J28*0.8 -> 88 | L28: 112.5 | M28: =L28*0.8 -> 90 | N28: 118.8 | O28: 134 | P28: 118.8 | Q28: 164.4
A29: DGM274F | B29: 112.5 | C29: =B29*0.8 -> 90 | D29: 112.5 | E29: =D29*0.8 -> 90 | F29: 112.5 | G29: =F29*0.8 -> 90 | H29: - | I29: - | J29: 131.3 | K29: =J29*0.8 -> 105.04 | L29: 137.5 | M29: =L29*0.8 -> 110 | N29: 143.8 | O29: =N29*0.8 -> 115.04 | P29: 143.8 | Q29: =P29*0.8 -> 115.04
A30: DGM274G | B30: 128.6 | C30: =B30*0.8 -> 102.88 | D30: 128.6 | E30: =D30*0.8 -> 102.88 | F30: 128.6 | G30: =F30*0.8 -> 102.88 | H30: - | I30: - | J30: 151.6 | K30: =J30*0.8 -> 121.28 | L30: 162 | M30: =L30*0.8 -> 129.6 | N30: 162 | O30: =N30*0.8 -> 129.6 | P30: 162 | Q30: =P30*0.8 -> 129.6
A31: DGM274H | B31: 143.8 | C31: =B31*0.8 -> 115.04 | D31: 143.8 | E31: =D31*0.8 -> 115.04 | F31: 143.8 | G31: =F31*0.8 -> 115.04 | H31: - | I31: - | J31: 175 | K31: =J31*0.8 -> 140 | L31: 187.5 | M31: =L31*0.8 -> 150 | N31: 200 | O31: =N31*0.8 -> 160 | P31: 200 | Q31: =P31*0.8 -> 160
A33: DGM444C | B33: 175 | C33: =B33*0.8 -> 140 | D33: 175 | E33: =D33*0.8 -> 140 | F33: 185 | G33: =F33*0.8 -> 148 | H33: 185 | I33: =H33*0.8 -> 148 | J33: 200 | K33: =J33*0.8 -> 160 | L33: 205 | M33: =L33*0.8 -> 164 | N33: 220 | O33: =N33*0.8 -> 176 | P33: 225 | Q33: =P33*0.8 -> 180
A34: DGM444D | B34: 195 | C34: =B34*0.8 -> 156 | D34: 195 | E34: =D34*0.8 -> 156 | F34: 200 | G34: =F34*0.8 -> 160 | H34: 200 | I34: =H34*0.8 -> 160 | J34: 225 | K34: =J34*0.8 -> 180 | L34: 235 | M34: =L34*0.8 -> 188 | N34: 248 | O34: =N34*0.8 -> 198.4 | P34: 258 | Q34: =P34*0.8 -> 206.4
A35: DGM444E | B35: 238 | C35: =B35*0.8 -> 190.4 | D35: 238 | E35: =D35*0.8 -> 190.4 | F35: 240 | G35: =F35*0.8 -> 192 | H35: 240 | I35: =H35*0.8 -> 192 | J35: 275 | K35: =J35*0.8 -> 220 | L35: 285 | M35: =L35*0.8 -> 228 | N35: 295 | O35: =N35*0.8 -> 236 | P35: 303 | Q35: =P35*0.8 -> 242.4
A36: DGM444F | B36: 263 | C36: =B36*0.8 -> 210.4 | D36: 263 | E36: =D36*0.8 -> 210.4 | F36: 273 | G36: =F36*0.8 -> 218.4 | H36: 273 | I36: =H36*0.8 -> 218.4 | J36: 319 | K36: =J36*0.8 -> 255.2 | L36: 330 | M36: =L36*0.8 -> 264 | N36: 335 | O36: =N36*0.8 -> 268 | P36: 344 | Q36: =P36*0.8 -> 275.2
A38: DGM544C | B38: 320 | C38: =B38*0.8 -> 256 | D38: 325 | E38: =D38*0.8 -> 260 | F38: 330 | G38: =F38*0.8 -> 264 | H38: 330 | I38: =H38*0.8 -> 264 | J38: 375 | K38: =J38*0.8 -> 300 | L38: 395 | M38: =L38*0.8 -> 316 | N38: 415 | O38: =N38*0.8 -> 332 | P38: 420 | Q38: =P38*0.8 -> 336
A39: DGM544D | B39: 355 | C39: =B39*0.8 -> 284 | D39: 365 | E39: =D39*0.8 -> 292 | F39: 375 | G39: =F39*0.8 -> 300 | H39: 375 | I39: =H39*0.8 -> 300 | J39: 405 | K39: =J39*0.8 -> 324 | L39: 425 | M39: =L39*0.8 -> 340 | N39: 445 | O39: =N39*0.8 -> 356 | P39: 465 | Q39: =P39*0.8 -> 372
A40: DGM544E | B40: 415 | C40: =B40*0.8 -> 332 | D40: 430 | E40: =D40*0.8 -> 344 | F40: 440 | G40: =F40*0.8 -> 352 | H40: 440 | I40: =H40*0.8 -> 352 | J40: 495 | K40: =J40*0.8 -> 396 | L40: 515 | M40: =L40*0.8 -> 412 | N40: 520 | O40: =N40*0.8 -> 416 | P40: 530 | Q40: =P40*0.8 -> 424
A41: DGM544F | B41: 440 | C41: =B41*0.8 -> 352 | D41: 460 | E41: =D41*0.8 -> 368 | F41: 475 | G41: =F41*0.8 -> 380 | H41: 475 | I41: =H41*0.8 -> 380 | J41: 544 | K41: =J41*0.8 -> 435.2 | L41: 565 | M41: =L41*0.8 -> 452 | N41: 578 | O41: =N41*0.8 -> 462.4 | P41: 582 | Q41: =P41*0.8 -> 465.6
A43: Model | B43: Three Phase 50Hz 1500RPM | J43: Three Phase 60Hz 1800RPM
A44: Power Factor | B44: 0.8 | D44: 0.8 | F44: 0.8 | H44: 0.8 | J44: 0.8 | L44: 0.8 | N44: 0.8 | P44: 0.8
A45: Volts
A46: Star(W12&W13) | B46: 380 | D46: 400 | F46: 415 | H46: 440 | J46: 416 | L46: 440 | N46: 460 | P46: 480
A47: Delta(W12&W13) | B47: 220 | D47: 230 | F47: 240 | H47: 254 | J47: 240 | L47: 254 | N47: 266 | P47: 277
A48: Series Star(W11&W14) | B48: 380 | D48: 400 | F48: 415 | H48: 440 | J48: 416 | L48: 440 | N48: 460 | P48: 480
A49: Parallel Star(W11&W14) | B49: 190 | D49: 200 | F49: 208 | H49: 220 | J49: 208 | L49: 220 | N49: 230 | P49: 240
A50: Series Delta | B50: 220 | D50: 230 | F50: 240 | H50: 254 | J50: 240 | L50: 254 | N50: 266 | P50: 277
A51: Winding No. | B51: 11/12 | D51: 11/12 | F51: 11/12 | H51: 11/12 | J51: 11/12 | L51: 11/12 | N51: 11/12 | P51: 11/12
A52: Rating | B52: KVA | C52: KW | D52: KVA | E52: KW | F52: KVA | G52: KW | H52: KVA | I52: KW | J52: KVA | K52: KW | L52: KVA | M52: KW | N52: KVA | O52: KW | P52: KVA | Q52: KW
A53: DGM634B | B53: 480 | C53: =B53*0.8 -> 384 | D53: 510 | E53: =D53*0.8 -> 408 | F53: 510 | G53: =F53*0.8 -> 408 | H53: 480 | I53: =H53*0.8 -> 384 | J53: 550 | K53: =J53*0.8 -> 440 | L53: 580 | M53: =L53*0.8 -> 464 | N53: 612 | O53: =N53*0.8 -> 489.6 | P53: 625 | Q53: =P53*0.8 -> 500
A54: DGM634C1 | B54: 515 | C54: =B54*0.8 -> 412 | D54: 550 | E54: =D54*0.8 -> 440 | F54: 550 | G54: =F54*0.8 -> 440 | H54: 510 | I54: =H54*0.8 -> 408 | J54: 580 | K54: =J54*0.8 -> 464 | L54: 620 | M54: =L54*0.8 -> 496 | N54: 650 | O54: =N54*0.8 -> 520 | P54: 688 | Q54: =P54*0.8 -> 550.4
A55: DGM634D | B55: 580 | C55: =B55*0.8 -> 464 | D55: 625 | E55: =D55*0.8 -> 500 | F55: 625 | G55: =F55*0.8 -> 500 | H55: 570 | I55: =H55*0.8 -> 456 | J55: 650 | K55: =J55*0.8 -> 520 | L55: 700 | M55: =L55*0.8 -> 560 | N55: 730 | O55: =N55*0.8 -> 584 | P55: 750 | Q55: =P55*0.8 -> 600
A56: DGM634E | B56: 640 | C56: =B56*0.8 -> 512 | D56: 688 | E56: =D56*0.8 -> 550.4 | F56: 688 | G56: =F56*0.8 -> 550.4 | H56: 630 | I56: =H56*0.8 -> 504 | J56: 730 | K56: =J56*0.8 -> 584 | L56: 780 | M56: =L56*0.8 -> 624 | N56: 815 | O56: =N56*0.8 -> 652 | P56: 850 | Q56: =P56*0.8 -> 680
A57: DGM634F | B57: 730 | C57: =B57*0.8 -> 584 | D57: 760 | E57: =D57*0.8 -> 608 | F57: 760 | G57: =F57*0.8 -> 608 | H57: 720 | I57: =H57*0.8 -> 576 | J57: 820 | K57: =J57*0.8 -> 656 | L57: 860 | M57: =L57*0.8 -> 688 | N57: 900 | O57: =N57*0.8 -> 720 | P57: 950 | Q57: =P57*0.8 -> 760
A58: DGM634G | B58: 812 | C58: =B58*0.8 -> 649.6 | D58: 850 | E58: =D58*0.8 -> 680 | F58: 850 | G58: =F58*0.8 -> 680 | H58: 812 | I58: =H58*0.8 -> 649.6 | J58: 880 | K58: =J58*0.8 -> 704 | L58: 940 | M58: =L58*0.8 -> 752 | N58: 980 | O58: =N58*0.8 -> 784 | P58: 1010 | Q58: =P58*0.8 -> 808
A60: DGM734B | B60: 955 | C60: =B60*0.8 -> 764 | D60: 1005 | E60: =D60*0.8 -> 804 | F60: 1010 | G60: =F60*0.8 -> 808 | H60: 990 | I60: =H60*0.8 -> 792 | J60: 1190 | K60: =J60*0.8 -> 952 | L60: 1170 | M60: =L60*0.8 -> 936 | N60: 1190 | O60: =N60*0.8 -> 952 | P60: 1215 | Q60: =P60*0.8 -> 972
A61: DGM734C | B61: 1080 | C61: =B61*0.8 -> 864 | D61: 1115 | E61: =D61*0.8 -> 892 | F61: 1115 | G61: =F61*0.8 -> 892 | H61: 1095 | I61: =H61*0.8 -> 876 | J61: 1225 | K61: =J61*0.8 -> 980 | L61: 1305 | M61: =L61*0.8 -> 1044 | N61: 1335 | O61: =N61*0.8 -> 1068 | P61: 1360 | Q61: =P61*0.8 -> 1088
A62: DGM734D | B62: 1150 | C62: =B62*0.8 -> 920 | D62: 1190 | E62: =D62*0.8 -> 952 | F62: 1190 | G62: =F62*0.8 -> 952 | H62: 1165 | I62: =H62*0.8 -> 932 | J62: 1305 | K62: =J62*0.8 -> 1044 | L62: 1390 | M62: =L62*0.8 -> 1112 | N62: 1420 | O62: =N62*0.8 -> 1136 | P62: 1450 | Q62: =P62*0.8 -> 1160
A63: DGM734E | B63: 1325 | C63: =B63*0.8 -> 1060 | D63: 1370 | E63: =D63*0.8 -> 1096 | F63: 1370 | G63: =F63*0.8 -> 1096 | H63: 1340 | I63: =H63*0.8 -> 1072 | J63: 1490 | K63: =J63*0.8 -> 1192 | L63: 1590 | M63: =L63*0.8 -> 1272 | N63: 1620 | O63: =N63*0.8 -> 1296 | P63: 1655 | Q63: =P63*0.8 -> 1324
A64: DGM734F | B64: 1450 | C64: =B64*0.8 -> 1160 | D64: 1495 | E64: =D64*0.8 -> 1196 | F64: 1495 | G64: =F64*0.8 -> 1196 | H64: 1460 | I64: =H64*0.8 -> 1168 | J64: 1685 | K64: =J64*0.8 -> 1348 | L64: 1795 | M64: =L64*0.8 -> 1436 | N64: 1835 | O64: =N64*0.8 -> 1468 | P64: 1870 | Q64: =P64*0.8 -> 1496
A65: DGM734G | B65: 1535 | C65: =B65*0.8 -> 1228 | D65: 1585 | E65: =D65*0.8 -> 1268 | F65: 1585 | G65: =F65*0.8 -> 1268 | H65: 1550 | I65: =H65*0.8 -> 1240 | J65: 1780 | K65: =J65*0.8 -> 1424 | L65: 1900 | M65: =L65*0.8 -> 1520 | N65: 1940 | O65: =N65*0.8 -> 1552 | P65: 1980 | Q65: =P65*0.8 -> 1584
A66: DGM734H | B66: =B65+50 -> 1585 | C66: =B66*0.8 -> 1268 | D66: =D65+50 -> 1635 | E66: =D66*0.8 -> 1308 | F66: =F65+50 -> 1635 | G66: =F66*0.8 -> 1308 | H66: =H65+50 -> 1600 | I66: =H66*0.8 -> 1280 | J66: =J65+60 -> 1840 | K66: =J66*0.8 -> 1472 | L66: =L65+60 -> 1960 | M66: =L66*0.8 -> 1568 | N66: =N65+60 -> 2000 | O66: =N66*0.8 -> 1600 | P66: =P65+60 -> 2040 | Q66: =P66*0.8 -> 1632
A68: Notes：
A69: 1. Environment Protection：IP23
A70: 2. With PMG+MX341 AVR
A71: 3. With Anti-condensation heater
A72: 4. Marine Spec Impregnation
A73: 5. The above rating is based on 50 degree C ambient and 70K temperature rising below 1000 meters altitude above sea.
A74: 6. DGM634C has no W11 option
A75: 7. DGM734B～H has only W12 option
A76: 8. For DGM18, the winding is W71 (auxiliary winding + AS440,instead of PMG+MX341)

Sheet Marine - 90K
A1: Dingol Marine Generator Rating Table (4-pole,H class insulation,F class temperature rising)
B2: Environment Temperature: | G2: 50 Degree C | J2: 90K temperature Rising
A3: Model | B3: Three Phase 50Hz 1500RPM | J3: Three Phase 60Hz 1800RPM
A4: Power Factor | B4: 0.8 | D4: 0.8 | F4: 0.8 | H4: 0.8 | J4: 0.8 | L4: 0.8 | N4: 0.8 | P4: 0.8
A5: Volts
A6: Star(W12&W13) | B6: 380 | D6: 400 | F6: 415 | H6: 440 | J6: 416 | L6: 440 | N6: 460 | P6: 480
A7: Delta(W12&W13) | B7: 220 | D7: 230 | F7: 240 | H7: 254 | J7: 240 | L7: 254 | N7: 266 | P7: 277
A8: Series Star(W11&W14) | B8: 380 | D8: 400 | F8: 415 | H8: 440 | J8: 416 | L8: 440 | N8: 460 | P8: 480
A9: Parallel Star(W11&W14) | B9: 190 | D9: 200 | F9: 208 | H9: 220 | J9: 208 | L9: 220 | N9: 230 | P9: 240
A10: Series Delta | B10: 220 | D10: 230 | F10: 240 | H10: 254 | J10: 240 | L10: 254 | N10: 266 | P10: 277
A11: Parallel delta | B11: =B10/2 -> 110 | D11: =D10/2 -> 115 | F11: =F10/2 -> 120 | H11: =H10/2 -> 127 | J11: =J10/2 -> 120 | L11: =L10/2 -> 127 | N11: =N10/2 -> 133 | P11: =P10/2 -> 138.5
A12: Winding No. | B12: 11 | D12: 11 | F12: 11 | H12: 11 | J12: 11 | L12: 11 | N12: 11 | P12: 11
A13: Rating | B13: KVA | C13: KW | D13: KVA | E13: KW | F13: KVA | G13: KW | H13: KVA | I13: KW | J13: KVA | K13: KW | L13: KVA | M13: KW | N13: KVA | O13: KW | P13: KVA | Q13: KW
A14: DGM184E | B14: 15 | C14: =B14*0.8 -> 12 | D14: 15 | E14: =D14*0.8 -> 12 | F14: 15 | G14: =F14*0.8 -> 12 | H14: - | I14: - | J14: 18.3 | K14: =J14*0.8 -> 14.64 | L14: 19.3 | M14: =L14*0.8 -> 15.44 | N14: 19.3 | O14: =N14*0.8 -> 15.44 | P14: 19.3 | Q14: =P14*0.8 -> 15.44
A15: DGM184F | B15: 20 | C15: =B15*0.8 -> 16 | D15: 20 | E15: =D15*0.8 -> 16 | F15: 20 | G15: =F15*0.8 -> 16 | H15: - | I15: - | J15: 23.1 | K15: =J15*0.8 -> 18.48 | L15: 24.5 | M15: =L15*0.8 -> 19.6 | N15: 24.5 | O15: =N15*0.8 -> 19.6 | P15: 24.5 | Q15: =P15*0.8 -> 19.6
A16: DGM184G | B16: 22.5 | C16: =B16*0.8 -> 18 | D16: 22.5 | E16: 25 | F16: 22.5 | G16: 25 | H16: - | I16: - | J16: 26.3 | K16: =J16*0.8 -> 21.04 | L16: 27.8 | M16: =L16*0.8 -> 22.24 | N16: 27.8 | O16: =N16*0.8 -> 22.24 | P16: 27.8 | Q16: =P16*0.8 -> 22.24
A17: DGM184H | B17: 30.6 | C17: =B17*0.8 -> 24.48 | D17: 30.6 | E17: =D17*0.8 -> 24.48 | F17: 30.6 | G17: =F17*0.8 -> 24.48 | H17: - | I17: - | J17: 35.9 | K17: =J17*0.8 -> 28.72 | L17: 37.8 | M17: =L17*0.8 -> 30.24 | N17: 37.2 | O17: =N17*0.8 -> 29.76 | P17: 37.8 | Q17: =P17*0.8 -> 30.24
A18: DGM184J | B18: 30.9 | C18: =B18*0.8 -> 24.72 | D18: 32.6 | E18: =D18*0.8 -> 26.08 | F18: 30.9 | G18: =F18*0.8 -> 24.72 | H18: - | I18: - | J18: 36.5 | K18: =J18*0.8 -> 29.2 | L18: 38.7 | M18: =L18*0.8 -> 30.96 | N18: 38.7 | O18: =N18*0.8 -> 30.96 | P18: 38.7 | Q18: =P18*0.8 -> 30.96
A20: DGM224C | B20: 35 | C20: =B20*0.8 -> 28 | D20: 35 | E20: =D20*0.8 -> 28 | F20: 35 | G20: =F20*0.8 -> 28 | H20: 25.5 | I20: =H20*0.8 -> 20.4 | J20: 39.4 | K20: =J20*0.8 -> 31.52 | L20: 41.9 | M20: =L20*0.8 -> 33.52 | N20: 43.1 | O20: =N20*0.8 -> 34.48 | P20: 43.1 | Q20: =P20*0.8 -> 34.48
A21: DGM224D | B21: 40 | C21: =B21*0.8 -> 32 | D21: 40 | E21: =D21*0.8 -> 32 | F21: 40 | G21: =F21*0.8 -> 32 | H21: 29.7 | I21: =H21*0.8 -> 23.76 | J21: 47.5 | K21: =J21*0.8 -> 38 | L21: 50 | M21: =L21*0.8 -> 40 | N21: 51.3 | O21: =N21*0.8 -> 41.04 | P21: 51.3 | Q21: =P21*0.8 -> 41.04
A22: DGM224E | B22: 47.5 | C22: =B22*0.8 -> 38 | D22: 47.5 | E22: =D22*0.8 -> 38 | F22: 47.5 | G22: =F22*0.8 -> 38 | H22: 36.9 | I22: =H22*0.8 -> 29.52 | J22: 53.8 | K22: =J22*0.8 -> 43.04 | L22: 56.3 | M22: =L22*0.8 -> 45.04 | N22: 58.8 | O22: =N22*0.8 -> 47.04 | P22: 58.8 | Q22: =P22*0.8 -> 47.04
A23: DGM224F | B23: 57.5 | C23: =B23*0.8 -> 46 | D23: 57.5 | E23: =D23*0.8 -> 46 | F23: 57.5 | G23: =F23*0.8 -> 46 | H23: 45.2 | I23: =H23*0.8 -> 36.16 | J23: 65.6 | K23: =J23*0.8 -> 52.48 | L23: 68.8 | M23: =L23*0.8 -> 55.04 | N23: 71.9 | O23: =N23*0.8 -> 57.52 | P23: 71.9 | Q23: =P23*0.8 -> 57.52
A24: DGM224G | B24: 65 | C24: =B24*0.8 -> 52 | D24: 65 | E24: =D24*0.8 -> 52 | F24: 65 | G24: =F24*0.8 -> 52 | H24: 52.2 | I24: =H24*0.8 -> 41.76 | J24: 75 | K24: =J24*0.8 -> 60 | L24: 78.8 | M24: =L24*0.8 -> 63.04 | N24: 81.3 | O24: =N24*0.8 -> 65.04 | P24: 81.3 | Q24: =P24*0.8 -> 65.04
A26: DGM274C | B26: 77.5 | C26: =B26*0.8 -> 62 | D26: 100 | E26: =D26*0.8 -> 80 | F26: 100 | G26: =F26*0.8 -> 80 | H26: - | I26: - | J26: 90 | K26: =J26*0.8 -> 72 | L26: 92.5 | M26: =L26*0.8 -> 74 | N26: 97.5 | O26: =N26*0.8 -> 78 | P26: 97.5 | Q26: =P26*0.8 -> 78
A27: DGM274D | B27: 87.5 | C27: =B27*0.8 -> 70 | D27: 125 | E27: =D27*0.8 -> 100 | F27: 125 | G27: =F27*0.8 -> 100 | H27: - | I27: - | J27: 107.5 | K27: =J27*0.8 -> 86 | L27: 110 | M27: =L27*0.8 -> 88 | N27: 112.5 | O27: =N27*0.8 -> 90 | P27: 112.5 | Q27: =P27*0.8 -> 90
A28: DGM274E | B28: 112.5 | C28: =B28*0.8 -> 90 | D28: 140 | E28: =D28*0.8 -> 112 | F28: 140 | G28: =F28*0.8 -> 112 | H28: - | I28: - | J28: 125 | K28: =J28*0.8 -> 100 | L28: 131.3 | M28: =L28*0.8 -> 105.04 | N28: 137.5 | O28: 134 | P28: 130.5 | Q28: 127
A29: DGM274F | B29: 135 | C29: =B29*0.8 -> 108 | D29: 160 | E29: =D29*0.8 -> 128 | F29: 160 | G29: =F29*0.8 -> 128 | H29: - | I29: - | J29: 150 | K29: =J29*0.8 -> 120 | L29: 156 | M29: =L29*0.8 -> 124.8 | N29: 163.5 | O29: =N29*0.8 -> 130.8 | P29: 163.5 | Q29: =P29*0.8 -> 130.8
A30: DGM274G | B30: 149 | C30: =B30*0.8 -> 119.2 | D30: 180 | E30: =D30*0.8 -> 144 | F30: 180 | G30: =F30*0.8 -> 144 | H30: - | I30: - | J30: 170.7 | K30: =J30*0.8 -> 136.56 | L30: 186 | M30: =L30*0.8 -> 148.8 | N30: 186.5 | O30: =N30*0.8 -> 149.2 | P30: 186.5 | Q30: =P30*0.8 -> 149.2
A31: DGM274H | B31: 170 | C31: =B31*0.8 -> 136 | D31: 200 | E31: =D31*0.8 -> 160 | F31: 200 | G31: =F31*0.8 -> 160 | H31: - | I31: - | J31: 200 | K31: =J31*0.8 -> 160 | L31: 212.5 | M31: =L31*0.8 -> 170 | N31: 218.8 | O31: =N31*0.8 -> 175.04 | P31: 218.8 | Q31: =P31*0.8 -> 175.04
A33: DGM444C | B33: 210 | C33: =B33*0.8 -> 168 | D33: 210 | E33: =D33*0.8 -> 168 | F33: 210 | G33: =F33*0.8 -> 168 | H33: 210 | I33: =H33*0.8 -> 168 | J33: 240 | K33: =J33*0.8 -> 192 | L33: 245 | M33: =L33*0.8 -> 196 | N33: 250 | O33: =N33*0.8 -> 200 | P33: 255 | Q33: =P33*0.8 -> 204
A34: DGM444D | B34: 230 | C34: =B34*0.8 -> 184 | D34: 230 | E34: =D34*0.8 -> 184 | F34: 230 | G34: =F34*0.8 -> 184 | H34: 230 | I34: =H34*0.8 -> 184 | J34: 255 | K34: =J34*0.8 -> 204 | L34: 270 | M34: =L34*0.8 -> 216 | N34: 280 | O34: =N34*0.8 -> 224 | P34: 295 | Q34: =P34*0.8 -> 236
A35: DGM444E | B35: 275 | C35: =B35*0.8 -> 220 | D35: 275 | E35: =D35*0.8 -> 220 | F35: 275 | G35: =F35*0.8 -> 220 | H35: 275 | I35: =H35*0.8 -> 220 | J35: 315 | K35: =J35*0.8 -> 252 | L35: 325 | M35: =L35*0.8 -> 260 | N35: 340 | O35: =N35*0.8 -> 272 | P35: 345 | Q35: =P35*0.8 -> 276
A36: DGM444F | B36: 310 | C36: =B36*0.8 -> 248 | D36: 310 | E36: =D36*0.8 -> 248 | F36: 310 | G36: =F36*0.8 -> 248 | H36: 310 | I36: =H36*0.8 -> 248 | J36: 365 | K36: =J36*0.8 -> 292 | L36: 375 | M36: =L36*0.8 -> 300 | N36: 380 | O36: =N36*0.8 -> 304 | P36: 395 | Q36: =P36*0.8 -> 316
A38: DGM544C | B38: 365 | C38: =B38*0.8 -> 292 | D38: 370 | E38: =D38*0.8 -> 296 | F38: 380 | G38: =F38*0.8 -> 304 | H38: 380 | I38: =H38*0.8 -> 304 | J38: 431 | K38: =J38*0.8 -> 344.8 | L38: 450 | M38: =L38*0.8 -> 360 | N38: 475 | O38: =N38*0.8 -> 380 | P38: 481 | Q38: =P38*0.8 -> 384.8
A39: DGM544D | B39: 405 | C39: =B39*0.8 -> 324 | D39: 415 | E39: =D39*0.8 -> 332 | F39: 430 | G39: =F39*0.8 -> 344 | H39: 430 | I39: =H39*0.8 -> 344 | J39: 463 | K39: =J39*0.8 -> 370.4 | L39: 488 | M39: =L39*0.8 -> 390.4 | N39: 506 | O39: =N39*0.8 -> 404.8 | P39: 531 | Q39: =P39*0.8 -> 424.8
A40: DGM544E | B40: 475 | C40: =B40*0.8 -> 380 | D40: 490 | E40: =D40*0.8 -> 392 | F40: 505 | G40: =F40*0.8 -> 404 | H40: 505 | I40: =H40*0.8 -> 404 | J40: 563 | K40: =J40*0.8 -> 450.4 | L40: 588 | M40: =L40*0.8 -> 470.4 | N40: 594 | O40: =N40*0.8 -> 475.2 | P40: 606 | Q40: =P40*0.8 -> 484.8
A41: DGM544F | B41: 505 | C41: =B41*0.8 -> 404 | D41: 525 | E41: =D41*0.8 -> 420 | F41: 540 | G41: =F41*0.8 -> 432 | H41: 540 | I41: =H41*0.8 -> 432 | J41: 619 | K41: =J41*0.8 -> 495.2 | L41: 644 | M41: =L41*0.8 -> 515.2 | N41: 656 | O41: =N41*0.8 -> 524.8 | P41: 663 | Q41: =P41*0.8 -> 530.4
A43: Model | B43: Three Phase 50Hz 1500RPM | J43: Three Phase 60Hz 1800RPM
A44: Power Factor | B44: 0.8 | D44: 0.8 | F44: 0.8 | H44: 0.8 | J44: 0.8 | L44: 0.8 | N44: 0.8 | P44: 0.8
A45: Volts
A46: Star(W12&W13) | B46: 380 | D46: 400 | F46: 415 | H46: 440 | J46: 416 | L46: 440 | N46: 460 | P46: 480
A47: Delta(W12&W13) | B47: 220 | D47: 230 | F47: 240 | H47: 254 | J47: 240 | L47: 254 | N47: 266 | P47: 277
A48: Series Star(W11&W14) | B48: 380 | D48: 400 | F48: 415 | H48: 440 | J48: 416 | L48: 440 | N48: 460 | P48: 480
A49: Parallel Star(W11&W14) | B49: 190 | D49: 200 | F49: 208 | H49: 220 | J49: 208 | L49: 220 | N49: 230 | P49: 240
A50: Series Delta | B50: 220 | D50: 230 | F50: 240 | H50: 254 | J50: 240 | L50: 254 | N50: 266 | P50: 277
A51: Winding No. | B51: 11/12 | D51: 11/12 | F51: 11/12 | H51: 11/12 | J51: 11/12 | L51: 11/12 | N51: 11/12 | P51: 11/12
A52: Rating | B52: KVA | C52: KW | D52: KVA | E52: KW | F52: KVA | G52: KW | H52: KVA | I52: KW | J52: KVA | K52: KW | L52: KVA | M52: KW | N52: KVA | O52: KW | P52: KVA | Q52: KW
A53: DGM634B | B53: 550 | C53: =B53*0.8 -> 440 | D53: 583 | E53: =D53*0.8 -> 466.4 | F53: 583 | G53: =F53*0.8 -> 466.4 | H53: 550 | I53: =H53*0.8 -> 440 | J53: 630 | K53: =J53*0.8 -> 504 | L53: 665 | M53: =L53*0.8 -> 532 | N53: 696 | O53: =N53*0.8 -> 556.8 | P53: 730 | Q53: =P53*0.8 -> 584
A54: DGM634C1 | B54: 592 | C54: =B54*0.8 -> 473.6 | D54: 625 | E54: =D54*0.8 -> 500 | F54: 625 | G54: =F54*0.8 -> 500 | H54: 580 | I54: =H54*0.8 -> 464 | J54: 670 | K54: =J54*0.8 -> 536 | L54: 713 | M54: =L54*0.8 -> 570.4 | N54: 745 | O54: =N54*0.8 -> 596 | P54: 778 | Q54: =P54*0.8 -> 622.4
A55: DGM634D | B55: 673 | C55: =B55*0.8 -> 538.4 | D55: 708 | E55: =D55*0.8 -> 566.4 | F55: 708 | G55: =F55*0.8 -> 566.4 | H55: 650 | I55: =H55*0.8 -> 520 | J55: 767 | K55: =J55*0.8 -> 613.6 | L55: 811 | M55: =L55*0.8 -> 648.8 | N55: 848 | O55: =N55*0.8 -> 678.4 | P55: 886 | Q55: =P55*0.8 -> 708.8
A56: DGM634E | B56: 739 | C56: =B56*0.8 -> 591.2 | D56: 778 | E56: =D56*0.8 -> 622.4 | F56: 778 | G56: =F56*0.8 -> 622.4 | H56: 720 | I56: =H56*0.8 -> 576 | J56: 840 | K56: =J56*0.8 -> 672 | L56: 891 | M56: =L56*0.8 -> 712.8 | N56: 931 | O56: =N56*0.8 -> 744.8 | P56: 972 | Q56: =P56*0.8 -> 777.6
A57: DGM634F | B57: 848 | C57: =B57*0.8 -> 678.4 | D57: 879 | E57: =D57*0.8 -> 703.2 | F57: 879 | G57: =F57*0.8 -> 703.2 | H57: 820 | I57: =H57*0.8 -> 656 | J57: 936 | K57: =J57*0.8 -> 748.8 | L57: 990 | M57: =L57*0.8 -> 792 | N57: 1035 | O57: =N57*0.8 -> 828 | P57: 1081 | Q57: =P57*0.8 -> 864.8
A58: DGM634G | B58: 925 | C58: =B58*0.8 -> 740 | D58: 972 | E58: =D58*0.8 -> 777.6 | F58: 972 | G58: =F58*0.8 -> 777.6 | H58: 880 | I58: =H58*0.8 -> 704 | J58: 1018 | K58: =J58*0.8 -> 814.4 | L58: 1077 | M58: =L58*0.8 -> 861.6 | N58: 1126 | O58: =N58*0.8 -> 900.8 | P58: 1175 | Q58: =P58*0.8 -> 940
A60: DGM734B | B60: 1033.6 | C60: 826.88 | D60: 1064 | E60: 851.2 | F60: 1064 | G60: 851.2 | H60: 1045 | I60: 836 | J60: 1159 | K60: 927.2 | L60: 1235 | M60: 988 | N60: 1257.8 | O60: 1006.24 | P60: 1284.4 | Q60: 1027.52
A61: DGM734C | B61: 1180 | C61: =B61*0.8 -> 944 | D61: 1240 | E61: =D61*0.8 -> 992 | F61: 1240 | G61: =F61*0.8 -> 992 | H61: 1125 | I61: =H61*0.8 -> 900 | J61: 1390 | K61: =J61*0.8 -> 1112 | L61: 1480 | M61: =L61*0.8 -> 1184 | N61: 1510 | O61: =N61*0.8 -> 1208 | P61: 1540 | Q61: =P61*0.8 -> 1232
A62: DGM734D | B62: 1255 | C62: =B62*0.8 -> 1004 | D62: 1320 | E62: =D62*0.8 -> 1056 | F62: 1320 | G62: =F62*0.8 -> 1056 | H62: 1200 | I62: =H62*0.8 -> 960 | J62: 1480 | K62: =J62*0.8 -> 1184 | L62: 1580 | M62: =L62*0.8 -> 1264 | N62: 1610 | O62: =N62*0.8 -> 1288 | P62: 1645 | Q62: =P62*0.8 -> 1316
A63: DGM734E | B63: 1365 | C63: =B63*0.8 -> 1092 | D63: 1435 | E63: =D63*0.8 -> 1148 | F63: 1435 | G63: =F63*0.8 -> 1148 | H63: 1300 | I63: =H63*0.8 -> 1040 | J63: 1690 | K63: =J63*0.8 -> 1352 | L63: 1800 | M63: =L63*0.8 -> 1440 | N63: 1840 | O63: =N63*0.8 -> 1472 | P63: 1875 | Q63: =P63*0.8 -> 1500
A64: DGM734F | B64: 1500 | C64: =B64*0.8 -> 1200 | D64: 1580 | E64: =D64*0.8 -> 1264 | F64: 1580 | G64: =F64*0.8 -> 1264 | H64: 1450 | I64: =H64*0.8 -> 1160 | J64: 1910 | K64: =J64*0.8 -> 1528 | L64: 2035 | M64: =L64*0.8 -> 1628 | N64: 2075 | O64: =N64*0.8 -> 1660 | P64: 2120 | Q64: =P64*0.8 -> 1696
A65: DGM734G | B65: 1740 | C65: =B65*0.8 -> 1392 | D65: 1795 | E65: =D65*0.8 -> 1436 | F65: 1795 | G65: =F65*0.8 -> 1436 | H65: 1700 | I65: =H65*0.8 -> 1360 | J65: 2020 | K65: =J65*0.8 -> 1616 | L65: 2155 | M65: =L65*0.8 -> 1724 | N65: 2200 | O65: =N65*0.8 -> 1760 | P65: 2245 | Q65: =P65*0.8 -> 1796
A66: DGM734H | B66: =B65+50 -> 1790 | C66: =B66*0.8 -> 1432 | D66: =D65+50 -> 1845 | E66: =D66*0.8 -> 1476 | F66: =F65+50 -> 1845 | G66: =F66*0.8 -> 1476 | H66: =H65+50 -> 1750 | I66: =H66*0.8 -> 1400 | J66: =J65+60 -> 2080 | K66: =J66*0.8 -> 1664 | L66: =L65+60 -> 2215 | M66: =L66*0.8 -> 1772 | N66: =N65+60 -> 2260 | O66: =N66*0.8 -> 1808 | P66: =P65+60 -> 2305 | Q66: =P66*0.8 -> 1844
A68: Notes：
A69: 1. Environment Protection：IP23
A70: 2. With PMG+MX341 AVR
A71: 3. With Anti-condensation heater
A72: 4. Marine Spec Impregnation
A73: 5. The above rating is based on 50 degree C ambient and 90K temperature rising below 1000 meters altitude above sea.
A74: 6. DGM634C has no W11 option
A75: 7. DGM734B～H has only W12 option
A76: 8. For DGM18, the winding is W71 (auxiliary winding + AS440,instead of PMG+MX341)

Sheet Marine 110K
A1: Dingol Marine Generator Rating Table (4-pole,H class insulation,H class temperature rising)
B2: Environment Temperature: | G2: 50 Degree C | J2: 110K temperature Rising
A3: Model | B3: Three Phase 50Hz 1500RPM | J3: Three Phase 60Hz 1800RPM
A4: Power Factor | B4: 0.8 | D4: 0.8 | F4: 0.8 | H4: 0.8 | J4: 0.8 | L4: 0.8 | N4: 0.8 | P4: 0.8
A5: Volts
A6: Star(W12&W13) | B6: 380 | D6: 400 | F6: 415 | H6: 440 | J6: 416 | L6: 440 | N6: 460 | P6: 480
A7: Delta(W12&W13) | B7: 220 | D7: 230 | F7: 240 | H7: 254 | J7: 240 | L7: 254 | N7: 266 | P7: 277
A8: Series Star(W11&W14) | B8: 380 | D8: 400 | F8: 415 | H8: 440 | J8: 416 | L8: 440 | N8: 460 | P8: 480
A9: Parallel Star(W11&W14) | B9: 190 | D9: 200 | F9: 208 | H9: 220 | J9: 208 | L9: 220 | N9: 230 | P9: 240
A10: Series Delta | B10: 220 | D10: 230 | F10: 240 | H10: 254 | J10: 240 | L10: 254 | N10: 266 | P10: 277
A11: Parallel delta | B11: =B10/2 -> 110 | D11: =D10/2 -> 115 | F11: =F10/2 -> 120 | H11: =H10/2 -> 127 | J11: =J10/2 -> 120 | L11: =L10/2 -> 127 | N11: =N10/2 -> 133 | P11: =P10/2 -> 138.5
A12: Winding No. | B12: 11 | D12: 11 | F12: 11 | H12: 11 | J12: 11 | L12: 11 | N12: 11 | P12: 11
A13: Rating | B13: KVA | C13: KW | D13: KVA | E13: KW | F13: KVA | G13: KW | H13: KVA | I13: KW | J13: KVA | K13: KW | L13: KVA | M13: KW | N13: KVA | O13: KW | P13: KVA | Q13: KW
A14: DGM184E | B14: 16.5 | C14: =B14*0.8 -> 13.2 | D14: 16.5 | E14: =D14*0.8 -> 13.2 | F14: 16.5 | G14: =F14*0.8 -> 13.2 | H14: - | I14: - | J14: 20 | K14: =J14*0.8 -> 16 | L14: 21.3 | M14: =L14*0.8 -> 17.04 | N14: 21.3 | O14: =N14*0.8 -> 17.04 | P14: 21.3 | Q14: =P14*0.8 -> 17.04
A15: DGM184F | B15: 22 | C15: =B15*0.8 -> 17.6 | D15: 22 | E15: =D15*0.8 -> 17.6 | F15: 22 | G15: =F15*0.8 -> 17.6 | H15: - | I15: - | J15: 25.4 | K15: =J15*0.8 -> 20.32 | L15: 27 | M15: =L15*0.8 -> 21.6 | N15: 27 | O15: =N15*0.8 -> 21.6 | P15: 27 | Q15: =P15*0.8 -> 21.6
A16: DGM184G | B16: 24.8 | C16: 25 | D16: 25.2 | E16: 25.4 | F16: 25.6 | G16: 25.8 | H16: - | I16: - | J16: 27.9 | K16: =J16*0.8 -> 22.32 | L16: 29.5 | M16: =L16*0.8 -> 23.6 | N16: 29.5 | O16: =N16*0.8 -> 23.6 | P16: 29.5 | Q16: =P16*0.8 -> 23.6
A17: DGM184H | B17: 33.8 | C17: =B17*0.8 -> 27.04 | D17: 33.8 | E17: =D17*0.8 -> 27.04 | F17: 33.8 | G17: =F17*0.8 -> 27.04 | H17: - | I17: - | J17: 39.9 | K17: =J17*0.8 -> 31.92 | L17: 42 | M17: =L17*0.8 -> 33.6 | N17: 42 | O17: =N17*0.8 -> 33.6 | P17: 42 | Q17: =P17*0.8 -> 33.6
A18: DGM184J | B18: 34.2 | C18: =B18*0.8 -> 27.36 | D18: 34.2 | E18: =D18*0.8 -> 27.36 | F18: 34.2 | G18: =F18*0.8 -> 27.36 | H18: - | I18: - | J18: 40.4 | K18: =J18*0.8 -> 32.32 | L18: 42.8 | M18: =L18*0.8 -> 34.24 | N18: 42.8 | O18: =N18*0.8 -> 34.24 | P18: 42.8 | Q18: =P18*0.8 -> 34.24
A20: DGM224C | B20: 38 | C20: =B20*0.8 -> 30.4 | D20: 38 | E20: =D20*0.8 -> 30.4 | F20: 38 | G20: =F20*0.8 -> 30.4 | H20: 26.8 | I20: =H20*0.8 -> 21.44 | J20: 43.8 | K20: =J20*0.8 -> 35.04 | L20: 44.7 | M20: =L20*0.8 -> 35.76 | N20: 44.7 | O20: =N20*0.8 -> 35.76 | P20: 46.5 | Q20: =P20*0.8 -> 37.2
A21: DGM224D | B21: 44 | C21: =B21*0.8 -> 35.2 | D21: 44 | E21: =D21*0.8 -> 35.2 | F21: 44 | G21: =F21*0.8 -> 35.2 | H21: 32.7 | I21: =H21*0.8 -> 26.16 | J21: 51 | K21: =J21*0.8 -> 40.8 | L21: 52.1 | M21: =L21*0.8 -> 41.68 | N21: 54.3 | O21: =N21*0.8 -> 43.44 | P21: 56.3 | Q21: =P21*0.8 -> 45.04
A22: DGM224E | B22: 52.3 | C22: =B22*0.8 -> 41.84 | D22: 52.3 | E22: =D22*0.8 -> 41.84 | F22: 52.3 | G22: =F22*0.8 -> 41.84 | H22: 40.2 | I22: =H22*0.8 -> 32.16 | J22: 60 | K22: =J22*0.8 -> 48 | L22: 63 | M22: =L22*0.8 -> 50.4 | N22: 63 | O22: =N22*0.8 -> 50.4 | P22: 66 | Q22: =P22*0.8 -> 52.8
A23: DGM224F | B23: 63.3 | C23: =B23*0.8 -> 50.64 | D23: 63.3 | E23: =D23*0.8 -> 50.64 | F23: 63.3 | G23: =F23*0.8 -> 50.64 | H23: 49.1 | I23: =H23*0.8 -> 39.28 | J23: 72.5 | K23: =J23*0.8 -> 58 | L23: 75.6 | M23: =L23*0.8 -> 60.48 | N23: 75.6 | O23: =N23*0.8 -> 60.48 | P23: 80 | Q23: =P23*0.8 -> 64
A24: DGM224G | B24: 71.5 | C24: =B24*0.8 -> 57.2 | D24: 71.5 | E24: =D24*0.8 -> 57.2 | F24: 71.5 | G24: =F24*0.8 -> 57.2 | H24: 62.7 | I24: =H24*0.8 -> 50.16 | J24: 84.5 | K24: =J24*0.8 -> 67.6 | L24: 87 | M24: =L24*0.8 -> 69.6 | N24: 91 | O24: =N24*0.8 -> 72.8 | P24: 92 | Q24: =P24*0.8 -> 73.6
A26: DGM274C | B26: 81.5 | C26: =B26*0.8 -> 65.2 | D26: 81.5 | E26: =D26*0.8 -> 65.2 | F26: 81.5 | G26: =F26*0.8 -> 65.2 | H26: - | I26: - | J26: 93.8 | K26: =J26*0.8 -> 75.04 | L26: 102.5 | M26: =L26*0.8 -> 82 | N26: 102.5 | O26: =N26*0.8 -> 82 | P26: 108.8 | Q26: =P26*0.8 -> 87.04
A27: DGM274D | B27: 97 | C27: =B27*0.8 -> 77.6 | D27: 97 | E27: =D27*0.8 -> 77.6 | F27: 97 | G27: =F27*0.8 -> 77.6 | H27: - | I27: - | J27: 115 | K27: =J27*0.8 -> 92 | L27: 117.5 | M27: =L27*0.8 -> 94 | N27: 120 | O27: =N27*0.8 -> 96 | P27: 125 | Q27: =P27*0.8 -> 100
A28: DGM274E | B28: 120 | C28: =B28*0.8 -> 96 | D28: 120 | E28: =D28*0.8 -> 96 | F28: 120 | G28: =F28*0.8 -> 96 | H28: - | I28: - | J28: 135 | K28: =J28*0.8 -> 108 | L28: 137.5 | M28: =L28*0.8 -> 110 | N28: 140 | O28: 134 | P28: 144 | Q28: 127
A29: DGM274F | B29: 140 | C29: =B29*0.8 -> 112 | D29: 140 | E29: =D29*0.8 -> 112 | F29: 140 | G29: =F29*0.8 -> 112 | H29: - | I29: - | J29: 156.3 | K29: =J29*0.8 -> 125.04 | L29: 162.5 | M29: =L29*0.8 -> 130 | N29: 167.5 | O29: =N29*0.8 -> 134 | P29: 168.8 | Q29: =P29*0.8 -> 135.04
A30: DGM274G | B30: 159 | C30: =B30*0.8 -> 127.2 | D30: 159 | E30: =D30*0.8 -> 127.2 | F30: 159 | G30: =F30*0.8 -> 127.2 | H30: - | I30: - | J30: 186.4 | K30: =J30*0.8 -> 149.12 | L30: 192.8 | M30: =L30*0.8 -> 154.24 | N30: 192.8 | O30: =N30*0.8 -> 154.24 | P30: 205.7 | Q30: =P30*0.8 -> 164.56
A31: DGM274H | B31: 175 | C31: =B31*0.8 -> 140 | D31: 175 | E31: =D31*0.8 -> 140 | F31: 175 | G31: =F31*0.8 -> 140 | H31: - | I31: - | J31: 212.5 | K31: =J31*0.8 -> 170 | L31: 218.8 | M31: =L31*0.8 -> 175.04 | N31: 221.3 | O31: =N31*0.8 -> 177.04 | P31: 225 | Q31: =P31*0.8 -> 180
A33: DGM444C | B33: 210 | C33: =B33*0.8 -> 168 | D33: 210 | E33: =D33*0.8 -> 168 | F33: 215 | G33: =F33*0.8 -> 172 | H33: 215 | I33: =H33*0.8 -> 172 | J33: 256 | K33: =J33*0.8 -> 204.8 | L33: 262 | M33: =L33*0.8 -> 209.6 | N33: 265 | O33: =N33*0.8 -> 212 | P33: 269 | Q33: =P33*0.8 -> 215.2
A34: DGM444D | B34: 235 | C34: =B34*0.8 -> 188 | D34: 235 | E34: =D34*0.8 -> 188 | F34: 240 | G34: =F34*0.8 -> 192 | H34: 240 | I34: =H34*0.8 -> 192 | J34: 295 | K34: =J34*0.8 -> 236 | L34: 305 | M34: =L34*0.8 -> 244 | N34: 320 | O34: =N34*0.8 -> 256 | P34: 330 | Q34: =P34*0.8 -> 264
A35: DGM444E | B35: 290 | C35: =B35*0.8 -> 232 | D35: 290 | E35: =D35*0.8 -> 232 | F35: 295 | G35: =F35*0.8 -> 236 | H35: 295 | I35: =H35*0.8 -> 236 | J35: 337 | K35: =J35*0.8 -> 269.6 | L35: 350 | M35: =L35*0.8 -> 280 | N35: 362 | O35: =N35*0.8 -> 289.6 | P35: 370 | Q35: =P35*0.8 -> 296
A36: DGM444F | B36: 330 | C36: =B36*0.8 -> 264 | D36: 330 | E36: =D36*0.8 -> 264 | F36: 340 | G36: =F36*0.8 -> 272 | H36: 340 | I36: =H36*0.8 -> 272 | J36: 394 | K36: =J36*0.8 -> 315.2 | L36: 406 | M36: =L36*0.8 -> 324.8 | N36: 413 | O36: =N36*0.8 -> 330.4 | P36: 425 | Q36: =P36*0.8 -> 340
A38: DGM544C | B38: 390 | C38: =B38*0.8 -> 312 | D38: 390 | E38: =D38*0.8 -> 312 | F38: 390 | G38: =F38*0.8 -> 312 | H38: 390 | I38: =H38*0.8 -> 312 | J38: 463 | K38: =J38*0.8 -> 370.4 | L38: 485 | M38: =L38*0.8 -> 388 | N38: 515 | O38: =N38*0.8 -> 412 | P38: 520 | Q38: =P38*0.8 -> 416
A39: DGM544D | B39: 435 | C39: =B39*0.8 -> 348 | D39: 435 | E39: =D39*0.8 -> 348 | F39: 435 | G39: =F39*0.8 -> 348 | H39: 435 | I39: =H39*0.8 -> 348 | J39: 500 | K39: =J39*0.8 -> 400 | L39: 520 | M39: =L39*0.8 -> 416 | N39: 545 | O39: =N39*0.8 -> 436 | P39: 570 | Q39: =P39*0.8 -> 456
A40: DGM544E | B40: 530 | C40: =B40*0.8 -> 424 | D40: 530 | E40: =D40*0.8 -> 424 | F40: 530 | G40: =F40*0.8 -> 424 | H40: 530 | I40: =H40*0.8 -> 424 | J40: 606 | K40: =J40*0.8 -> 484.8 | L40: 625 | M40: =L40*0.8 -> 500 | N40: 638 | O40: =N40*0.8 -> 510.4 | P40: 650 | Q40: =P40*0.8 -> 520
A41: DGM544F | B41: 565 | C41: =B41*0.8 -> 452 | D41: 585 | E41: =D41*0.8 -> 468 | F41: 600 | G41: =F41*0.8 -> 480 | H41: 600 | I41: =H41*0.8 -> 480 | J41: 663 | K41: =J41*0.8 -> 530.4 | L41: 694 | M41: =L41*0.8 -> 555.2 | N41: 706 | O41: =N41*0.8 -> 564.8 | P41: 725 | Q41: =P41*0.8 -> 580
A43: Model | B43: Three Phase 50Hz 1500RPM | J43: Three Phase 60Hz 1800RPM
A44: Power Factor | B44: 0.8 | D44: 0.8 | F44: 0.8 | H44: 0.8 | J44: 0.8 | L44: 0.8 | N44: 0.8 | P44: 0.8
A45: Volts
A46: Star(W12&W13) | B46: 380 | D46: 400 | F46: 415 | H46: 440 | J46: 416 | L46: 440 | N46: 460 | P46: 480
A47: Delta(W12&W13) | B47: 220 | D47: 230 | F47: 240 | H47: 254 | J47: 240 | L47: 254 | N47: 266 | P47: 277
A48: Series Star(W11&W14) | B48: 380 | D48: 400 | F48: 415 | H48: 440 | J48: 416 | L48: 440 | N48: 460 | P48: 480
A49: Parallel Star(W11&W14) | B49: 190 | D49: 200 | F49: 208 | H49: 220 | J49: 208 | L49: 220 | N49: 230 | P49: 240
A50: Series Delta | B50: 220 | D50: 230 | F50: 240 | H50: 254 | J50: 240 | L50: 254 | N50: 266 | P50: 277
A51: Winding No. | B51: 11/12 | D51: 11/12 | F51: 11/12 | H51: 11/12 | J51: 11/12 | L51: 11/12 | N51: 11/12 | P51: 11/12
A52: Rating | B52: KVA | C52: KW | D52: KVA | E52: KW | F52: KVA | G52: KW | H52: KVA | I52: KW | J52: KVA | K52: KW | L52: KVA | M52: KW | N52: KVA | O52: KW | P52: KVA | Q52: KW
A53: DGM634B | B53: 580 | C53: =B53*0.8 -> 464 | D53: 625 | E53: =D53*0.8 -> 500 | F53: 625 | G53: =F53*0.8 -> 500 | H53: 580 | I53: =H53*0.8 -> 464 | J53: 680 | K53: =J53*0.8 -> 544 | L53: 710 | M53: =L53*0.8 -> 568 | N53: 730 | O53: =N53*0.8 -> 584 | P53: 750 | Q53: =P53*0.8 -> 600
A54: DGM634C1 | B54: 630 | C54: =B54*0.8 -> 504 | D54: 687 | E54: =D54*0.8 -> 549.6 | F54: 687 | G54: =F54*0.8 -> 549.6 | H54: 630 | I54: =H54*0.8 -> 504 | J54: 710 | K54: =J54*0.8 -> 568 | L54: 750 | M54: =L54*0.8 -> 600 | N54: 780 | O54: =N54*0.8 -> 624 | P54: 800 | Q54: =P54*0.8 -> 640
A55: DGM634D | B55: 700 | C55: =B55*0.8 -> 560 | D55: 750 | E55: =D55*0.8 -> 600 | F55: 750 | G55: =F55*0.8 -> 600 | H55: 700 | I55: =H55*0.8 -> 560 | J55: 800 | K55: =J55*0.8 -> 640 | L55: 850 | M55: =L55*0.8 -> 680 | N55: 870 | O55: =N55*0.8 -> 696 | P55: 900 | Q55: =P55*0.8 -> 720
A56: DGM634E | B56: 750 | C56: =B56*0.8 -> 600 | D56: 825 | E56: =D56*0.8 -> 660 | F56: 825 | G56: =F56*0.8 -> 660 | H56: 750 | I56: =H56*0.8 -> 600 | J56: 880 | K56: =J56*0.8 -> 704 | L56: 930 | M56: =L56*0.8 -> 744 | N56: 970 | O56: =N56*0.8 -> 776 | P56: 1000 | Q56: =P56*0.8 -> 800
A57: DGM634F | B57: 850 | C57: =B57*0.8 -> 680 | D57: 900 | E57: =D57*0.8 -> 720 | F57: 900 | G57: =F57*0.8 -> 720 | H57: 850 | I57: =H57*0.8 -> 680 | J57: 960 | K57: =J57*0.8 -> 768 | L57: 1010 | M57: =L57*0.8 -> 808 | N57: 1065 | O57: =N57*0.8 -> 852 | P57: 1125 | Q57: =P57*0.8 -> 900
A58: DGM634G | B58: 950 | C58: =B58*0.8 -> 760 | D58: 1030 | E58: =D58*0.8 -> 824 | F58: 1030 | G58: =F58*0.8 -> 824 | H58: 950 | I58: =H58*0.8 -> 760 | J58: 1040 | K58: =J58*0.8 -> 832 | L58: 1100 | M58: =L58*0.8 -> 880 | N58: 1150 | O58: =N58*0.8 -> 920 | P58: 1230 | Q58: =P58*0.8 -> 984
A60: DGM734B | B60: 1095.616 | C60: 876.4928 | D60: 1127.84 | E60: 902.272 | F60: 1127.84 | G60: 902.272 | H60: 1107.7 | I60: 886.16 | J60: 1228.54 | K60: 982.832 | L60: 1309.1 | M60: 1047.28 | N60: 1333.268 | O60: 1066.6144 | P60: 1361.464 | Q60: 1089.1712
A61: DGM734C | B61: 1250.8 | C61: =B61*0.8 -> 1000.64 | D61: 1314.4 | E61: =D61*0.8 -> 1051.52 | F61: 1314.4 | G61: =F61*0.8 -> 1051.52 | H61: 1192.5 | I61: =H61*0.8 -> 954 | J61: 1473.4 | K61: =J61*0.8 -> 1178.72 | L61: 1568.8 | M61: =L61*0.8 -> 1255.04 | N61: 1600.6 | O61: =N61*0.8 -> 1280.48 | P61: 1632.4 | Q61: =P61*0.8 -> 1305.92
A62: DGM734D | B62: 1330.3 | C62: =B62*0.8 -> 1064.24 | D62: 1399.2 | E62: =D62*0.8 -> 1119.36 | F62: 1399.2 | G62: =F62*0.8 -> 1119.36 | H62: 1272 | I62: =H62*0.8 -> 1017.6 | J62: 1568.8 | K62: =J62*0.8 -> 1255.04 | L62: 1674.8 | M62: =L62*0.8 -> 1339.84 | N62: 1706.6 | O62: =N62*0.8 -> 1365.28 | P62: 1743.7 | Q62: =P62*0.8 -> 1394.96
A63: DGM734E | B63: 1446.9 | C63: =B63*0.8 -> 1157.52 | D63: 1521.1 | E63: =D63*0.8 -> 1216.88 | F63: 1521.1 | G63: =F63*0.8 -> 1216.88 | H63: 1378 | I63: =H63*0.8 -> 1102.4 | J63: 1791.4 | K63: =J63*0.8 -> 1433.12 | L63: 1908 | M63: =L63*0.8 -> 1526.4 | N63: 1950.4 | O63: =N63*0.8 -> 1560.32 | P63: 1987.5 | Q63: =P63*0.8 -> 1590
A64: DGM734F | B64: 1590 | C64: =B64*0.8 -> 1272 | D64: 1674.8 | E64: =D64*0.8 -> 1339.84 | F64: 1674.8 | G64: =F64*0.8 -> 1339.84 | H64: 1537 | I64: =H64*0.8 -> 1229.6 | J64: 2024.6 | K64: =J64*0.8 -> 1619.68 | L64: 2157.1 | M64: =L64*0.8 -> 1725.68 | N64: 2199.5 | O64: =N64*0.8 -> 1759.6 | P64: 2247.2 | Q64: =P64*0.8 -> 1797.76
A65: DGM734G | B65: 1844.4 | C65: =B65*0.8 -> 1475.52 | D65: 1902.7 | E65: =D65*0.8 -> 1522.16 | F65: 1902.7 | G65: =F65*0.8 -> 1522.16 | H65: 1802 | I65: =H65*0.8 -> 1441.6 | J65: 2141.2 | K65: =J65*0.8 -> 1712.96 | L65: 2284.3 | M65: =L65*0.8 -> 1827.44 | N65: 2332 | O65: =N65*0.8 -> 1865.6 | P65: 2379.7 | Q65: =P65*0.8 -> 1903.76
A66: DGM734H | B66: 1897.4 | C66: =B66*0.8 -> 1517.92 | D66: 1955.7 | E66: =D66*0.8 -> 1564.56 | F66: 1955.7 | G66: =F66*0.8 -> 1564.56 | H66: 1855 | I66: =H66*0.8 -> 1484 | J66: 2204.8 | K66: =J66*0.8 -> 1763.84 | L66: 2347.9 | M66: =L66*0.8 -> 1878.32 | N66: 2395.6 | O66: =N66*0.8 -> 1916.48 | P66: 2443.3 | Q66: =P66*0.8 -> 1954.64
A67: Notes：
A68: 1. Environment Protection：IP23
A69: 2. With PMG+MX341 AVR
A70: 3. With Anti-condensation heater
A71: 4. Marine Spec Impregnation
A72: 5. The above rating is based on 50 degree C ambient and 110K temperature rising below 1000 meters altitude above sea.
A73: 6. DGM634C has no W11 option
A74: 7. DGM734B～H has only W12 option
A75: 8. For DGM18, the winding is W71 (auxiliary winding + AS440,instead of PMG+MX341)
